id,shape,d_size,color,clarity,cut,polish,sym,flour,m1,m2,m3,d_depth,d_table,d_ref,reportNo,detail,disc,rate,location,certNo,milky,eyeClean,browness,isbuy,los,isdisp,cert,types,disc1,oldRef,rap,update_time,sys_status,green,up_file_name,is_sh,certificate,daylight,order_by,is_size_normal,black,is_bgm,bt,bc,wt,wc,temp,order_tj,order_sx,rate_add,count_rate,insert_type,currentPage,pageSize,totalPage,totalRecord,shape_en,location_en,is_own_filter_stock,num_all,isown,app_check_code,sign,sessionkey,status,girdle,video,cgno,remark,disc2,rate1
4348518015,圆形,0.45,E,VVS1,EX,EX,EX,NON,4.88 X 4.85 X 3.07,,,63.2,57.0,6901592,6345782407,91873,-91.98,2850.9030000000002,香港,6345782407,无奶,-,无咖,1,www.zuansoft.com,1,GIA,,2.0,IHKGZHL,3300.0,"Jun 28, 2020 12:09:04 PM",0,,91873 0628.xlsx,0,,,0,1,N,0,BT0,BC0,WT0,WC0,4.88 ,0,0,0.0,2850.9030000000002,1,0,0,0,0,ROUND,HK,True,0,False,0,,,,,http://www.vidpicture.com/show_images.asp?Stock_ID=501152,,,,
4350838275,圆形,0.45,E,VVS1,EX,EX,EX,NON,4.92,4.88,3.04,62.2,58,100729984786,6352132706,62919,-92.0,2851.2000000000003,香港,6352132706,无奶,-,无咖,1,diamonds.kirangems.com,1,GIA,,0.0,GKKULHHD2UDI,3300.0,"Jun 28, 2020 10:20:09 PM",0,,kirangems接口导入,0,https://photo.diamondasset.in:8080/Picture/6352132706.pdf,,0,1,N,0,BT0,BC0,-,-,4.92,0,0,0.0,2851.2000000000003,1,0,0,0,0,ROUND,HK,True,0,False,0,,,,MED to STK,,,,,
4350065988,圆形,0.45,E,VVS1,EX,EX,EX,NON,4.88 X 4.92 X 3.09,,,63.0,56,6341815909,6341815909,195830,-92.0,2851.2000000000003,深圳,6341815909,无奶,EC0,无咖,1,www.jumpgia.com,1,GIA,,1.0,IV2GDGZHKH,3300.0,"Jun 28, 2020 6:29:50 PM",5,N,jumpgia接口导入,0,,,0,1,N,1,-,-,-,-, 4.92 ,0,0,0.0,2851.2000000000003,1,0,0,0,0,ROUND,SZ,True,0,False,0,,,1,,,,,,
4350519882,圆形,0.45,E,VVS1,EX,EX,EX,NON,4.90X4.93X3.04,,,61.90,59.00,F202-14A,7353250292,97085,-92.0,2851.2000000000003,孟买,7353250292,无奶,EC0,无咖,1,ratnakala.dotnodecoders.com,1,GIA,,0.0,FLKL-G2A,3300.0,"Jun 28, 2020 9:11:02 PM",0,,dotnodecoders接口导入,0,,,0,1,N,0,BT0,BC0,-,-,4.93,0,0,0.0,2851.2000000000003,1,0,0,0,0,ROUND,MUMBAI,True,0,False,0,,,,,https://v360.in/Excellent/vision360.html?d=F202-14A,,,,
4350519144,圆形,0.45,E,VVS1,EX,EX,EX,NON,4.86X4.90X3.07,,,62.90,59.00,F190-312A,1357250328,97085,-92.0,2851.2000000000003,孟买,1357250328,无奶,EC0,无咖,1,ratnakala.dotnodecoders.com,1,GIA,,0.0,FGHK-VGLA,3300.0,"Jun 28, 2020 9:10:54 PM",0,,dotnodecoders接口导入,0,,,0,1,N,0,BT0,BC0,-,-,4.90,0,0,0.0,2851.2000000000003,1,0,0,0,0,ROUND,MUMBAI,True,0,False,0,,,,,https://v360.in/Excellent/vision360.html?d=F190-312A,,,,
4348318845,圆形,0.45,E,VVS1,EX,EX,EX,NON,4.89,4.87,3.05,62.39,56.0,9637676,7338142475,70860,-92.0,2851.2000000000003,香港,7338142475,N,-,N,1,www.zuansoft.com,1,GIA,,0.0,HIVUIUI,3300.0,"Jun 28, 2020 11:14:12 AM",0,N,70860 0628.xlsx,0,,,0,1,N,1,-,-,-,-,4.89,0,0,0.0,2851.2000000000003,1,0,0,0,0,ROUND,HK,True,0,False,0,,,,,,,,,
4348318848,圆形,0.45,E,VVS1,EX,EX,EX,NON,4.88,4.89,3.06,62.6,56.0,7542583,6251432573,70860,-92.0,2851.2000000000003,香港,6251432573,N,-,N,1,www.zuansoft.com,1,GIA,,0.0,UZ2LZDV,3300.0,"Jun 28, 2020 11:14:12 AM",0,N,70860 0628.xlsx,0,,,0,1,N,1,-,-,-,-,4.89,0,0,0.0,2851.2000000000003,1,0,0,0,0,ROUND,HK,True,0,False,0,,,,,,,,,
4348318849,圆形,0.45,E,VVS1,EX,EX,EX,NON,4.88,4.92,3.06,62.5,57.0,8165191,2181859182,70860,-92.0,2851.2000000000003,香港,2181859182,N,-,N,1,www.zuansoft.com,1,GIA,,0.0,DGIZGHG,3300.0,"Jun 28, 2020 11:14:12 AM",0,N,70860 0628.xlsx,0,,,0,1,N,1,-,-,-,-,4.92,0,0,0.0,2851.2000000000003,1,0,0,0,0,ROUND,HK,True,0,False,0,,,,,,,,,
4348318850,圆形,0.45,E,VVS1,EX,EX,EX,NON,4.85,4.88,3.06,62.79,56.0,8435826,7282186121,70860,-92.0,2851.2000000000003,香港,7282186121,N,-,N,1,www.zuansoft.com,1,GIA,,0.0,D2VZDLI,3300.0,"Jun 28, 2020 11:14:12 AM",0,N,70860 0628.xlsx,0,,,0,1,N,1,-,-,-,-,4.88,0,0,0.0,2851.2000000000003,1,0,0,0,0,ROUND,HK,True,0,False,0,,,,,,,,,
4350509894,圆形,0.46,E,VVS1,EX,EX,EX,NON,4.90X4.93X3.08,,,62.70,57.00,F141-218A,6342947177,97085,-88.0,2853.84,孟买,6342947177,无奶,EC0,无咖,1,ratnakala.dotnodecoders.com,1,GIA,,0.0,FG2G-LGDA,3300.0,"Jun 28, 2020 9:09:43 PM",0,,dotnodecoders接口导入,0,,,0,1,N,0,BT0,BC0,-,-,4.93,0,0,0.0,2853.84,1,0,0,0,0,ROUND,MUMBAI,True,0,False,0,,,,,https://v360.in/Excellent/vision360.html?d=F141-218A,,,,
4350847827,圆形,0.46,E,VVS1,EX,EX,EX,NON,4.92,4.88,3.08,62.8,56,100731407956,2347319851,62919,-88.0,2853.84,香港,2347319851,无奶,-,无咖,1,diamonds.kirangems.com,1,GIA,,0.0,GKKUVG2KUHZI,3300.0,"Jun 28, 2020 10:22:39 PM",0,,kirangems接口导入,0,https://photo.diamondasset.in:8080/Picture/2347319851.pdf,,0,1,N,0,BT0,BC0,-,-,4.92,0,0,0.0,2853.84,1,0,0,0,0,ROUND,HK,True,0,False,0,,,,THN to STK,,,,,
4348477599,圆形,0.46,E,VVS1,EX,EX,EX,NON,4.93,4.89,3.1,63.0,56.0,RRR2018,2347348304,74841,-88.0,2853.84,印度,2347348304,无奶,EC0,无咖,1,www.zuansoft.com,1,GIA,,0.0,RRRLKGD,3300.0,"Jun 28, 2020 12:00:27 PM",0,,74841 0628.xls,0,,,0,1,N,0,B0,-,W1,-,4.93,0,0,0.0,2853.84,1,0,0,0,0,ROUND,INDIA,True,0,False,0,,,,,,,,,
4350510055,圆形,0.46,E,VVS1,EX,EX,EX,NON,4.88X4.92X3.09,,,63.10,58.00,F142-300A,6345983350,97085,-88.0,2853.84,孟买,6345983350,无奶,EC0,无咖,1,ratnakala.dotnodecoders.com,1,GIA,,0.0,FG2L-VKKA,3300.0,"Jun 28, 2020 9:09:44 PM",0,,dotnodecoders接口导入,0,,,0,1,N,0,BT0,BC0,-,-,4.92,0,0,0.0,2853.84,1,0,0,0,0,ROUND,MUMBAI,True,0,False,0,,,,,https://v360.in/Excellent/vision360.html?d=F142-300A,,,,
4350880833,圆形,0.45,D,VVS2,EX,EX,EX,NON,4.92,4.89,3.02,61.5,59,100735990403,7352244164,62919,-98.5,2858.4,印度,7352244164,无奶,-,无咖,1,diamonds.kirangems.com,1,GIA,,0.0,GKKUVZHHK2KV,3200.0,"Jun 28, 2020 10:26:27 PM",0,,kirangems接口导入,0,https://photo.diamondasset.in:8080/Picture/7352244164.pdf,https://photo.diamondasset.in:8080/imagesM/7352244164.jpg,0,1,N,0,BT0,BC0,-,-,4.92,0,0,0.0,2858.4,1,0,0,0,0,ROUND,INDIA,True,0,False,0,,,,MED to STK,https://photo.diamondasset.in/photo/appVideo.jsp?idv=7352244164,,,,
4348507193,圆形,0.46,D,VVS1,EX,EX,EX,NON,4.89,4.93,3.11,63.2,56.0,SM2389,6251834328,84769,-78.0,2865.8,香港,6251834328,无奶,-,无咖,1,www.zuansoft.com,1,GIA,,0.0,SMLVDH,3500.0,"Jun 28, 2020 12:07:15 PM",0,,84769 0628.xlsx,0,,,0,1,*,0,-,-,-,-,4.93,0,0,0.0,2865.8,1,0,0,0,0,ROUND,HK,True,0,False,0,,,,,,,,,
4350519087,圆形,0.45,E,VVS1,EX,EX,EX,NON,4.89X4.92X3.05,,,62.10,59.00,F190-216A,1353224773,97085,-93.0,2866.05,孟买,1353224773,无奶,EC0,无咖,1,ratnakala.dotnodecoders.com,1,GIA,,0.0,FGHK-LGIA,3300.0,"Jun 28, 2020 9:10:54 PM",0,,dotnodecoders接口导入,0,,,0,1,N,0,BT0,BC0,-,-,4.92,0,0,0.0,2866.05,1,0,0,0,0,ROUND,MUMBAI,True,0,False,0,,,,,https://v360.in/Excellent/vision360.html?d=F190-216A,,,,
4350522736,圆形,0.45,D,VVS1,EX,EX,EX,NON,4.85X4.89X3.04,,,62.50,59.00,F79-32A,1348803293,97085,-82.0,2866.5,孟买,1348803293,无奶,EC0,无咖,1,ratnakala.dotnodecoders.com,1,GIA,,0.0,FUH-VLA,3500.0,"Jun 28, 2020 9:11:30 PM",0,,dotnodecoders接口导入,0,,,0,1,N,0,BT0,BC0,-,-,4.89,0,0,0.0,2866.5,1,0,0,0,0,ROUND,MUMBAI,True,0,False,0,,,,,https://v360.in/Excellent/vision360.html?d=F79-32A,,,,
4348518013,圆形,0.45,D,VVS1,EX,EX,EX,NON,4.88 X 4.84 X 3.08,,,63.3,56.0,2003855,7356272526,91873,-82.0,2866.5,孟买,7356272526,无奶,-,无咖,1,www.zuansoft.com,1,GIA,,2.0,LKKVDZZ,3500.0,"Jun 28, 2020 12:09:04 PM",0,,91873 0628.xlsx,0,,,0,1,N,0,BT0,BC0,WT0,WC0,4.88 ,0,0,0.0,2866.5,1,0,0,0,0,ROUND,MUMBAI,True,0,False,0,,,,,,,,,
4350512543,圆形,0.45,D,VVS1,EX,EX,EX,NON,4.87X4.90X3.06,,,62.60,58.00,F160-314A,6355102869,97085,-82.0,2866.5,孟买,6355102869,无奶,EC0,无咖,1,ratnakala.dotnodecoders.com,1,GIA,,0.0,FGIK-VG2A,3500.0,"Jun 28, 2020 9:10:12 PM",0,,dotnodecoders接口导入,0,,,0,1,N,0,BT0,BC0,-,-,4.90,0,0,0.0,2866.5,1,0,0,0,0,ROUND,MUMBAI,True,0,False,0,,,,,https://v360.in/Excellent/vision360.html?d=F160-314A,,,,
4350511292,圆形,0.45,D,VVS1,EX,EX,EX,NON,4.91X4.92X3.02,,,61.40,58.00,F151-153A,7356024842,97085,-82.0,2866.5,孟买,7356024842,无奶,EC0,无咖,1,ratnakala.dotnodecoders.com,1,GIA,,0.0,FGZG-GZVA,3500.0,"Jun 28, 2020 9:09:56 PM",0,,dotnodecoders接口导入,0,,,0,1,N,0,BT0,BC0,-,-,4.92,0,0,0.0,2866.5,1,0,0,0,0,ROUND,MUMBAI,True,0,False,0,,,,,https://v360.in/Excellent/vision360.html?d=F151-153A,,,,
4351001218,圆形,0.45,E,VVS1,EX,EX,EX,NON,4.85X4.89X3.07,,,63,57,0.40W367145,1347986377,50841,-82.46,2873.7450000000003,印度,1347986377,无奶,-,无咖,1,starrays.com,1,GIA,,1.8,K.2KWVIUG2Z,3500.0,"Jun 28, 2020 10:53:15 PM",0,,starrays.com文档在线导入,0,https://dnadiamond.net/DNA/FrmShowCert.aspx?refno=0.40W367145,,0,1,N,0,BT0,BC0,-,-,4.89,0,0,0.0,2873.7450000000003,1,0,0,0,0,ROUND,INDIA,True,0,False,0,,,,M-SL.TK,,,,,
4350494847,圆形,0.45,E,VVS1,EX,EX,EX,NON,4.89,4.86,3.08,63.20,56.00,920305270,2356130483,32952,-82.58,2875.635,印度,2356130483,无奶,EC0,无咖,1,websvr.jbbros.com,1,GIA,,2.0,HLKVKZLUK,3500.0,"Jun 28, 2020 9:07:57 PM",0,,websvr.jbbros.com接口导入,0,http://i.stonehdfile.com/StoneDetail/Certificate/GIA/920305270.jpg#Certi,,0,1,N,0,BT0,BC0,-,-,4.89,0,0,0.0,2875.635,1,0,0,0,0,ROUND,INDIA,True,0,False,0,,,,3.50,,,,,
4351074980,圆形,0.45,D,VVS1,EX,EX,EX,NON,4.89,4.87,3.02,61.8,59.0,L295013101,7351165666,88933,-82.8,2879.1,印度,7351165666,无奶,EC0,无咖,1,service.cdinesh.in,1,GIA,,1.0,LLHZKGVGKG,3500.0,"Jun 28, 2020 11:15:44 PM",0,,service.cdinesh.in接口导入,0,https://www.pkstone.co.in/PK/CERTI/7351165666.jpg,,0,1,N,0,BT0,BC0,WT0,WC0,4.89,0,0,0.0,2879.1,1,0,0,0,0,ROUND,INDIA,True,0,False,0,,,,,,,,,
4350520491,圆形,0.45,D,VVS2,EX,EX,EX,NON,4.87X4.89X3.07,,,63.00,56.00,F214-335A,2356448111,97085,-100.0,2880.0,孟买,2356448111,无奶,EC0,无咖,1,ratnakala.dotnodecoders.com,1,GIA,,0.0,FLG2-VVZA,3200.0,"Jun 28, 2020 9:11:08 PM",0,,dotnodecoders接口导入,0,,,0,1,N,0,BT0,BC0,-,-,4.89,0,0,0.0,2880.0,1,0,0,0,0,ROUND,MUMBAI,True,0,False,0,,,,,https://v360.in/Excellent/vision360.html?d=F214-335A,,,,
4348938257,圆形,0.45,E,VVS1,EX,EX,EX,NON,4.92X4.93X3.06,,,62.2,58.0,F69-102993,6355363653,81884,-94.0,2880.9,印度,6355363653,无奶,-,无咖,1,www.zuansoft.com,1,GIA,,0.0,FIH-GKLHHV,3300.0,"Jun 28, 2020 1:57:23 PM",0,,81884 0628.xlsx,0,,,0,1,N,0,-,-,-,-,4.93,0,0,0.0,2880.9,1,0,0,0,0,ROUND,INDIA,True,0,False,0,,,,,,,,,
4348938264,圆形,0.45,E,VVS1,EX,EX,EX,NON,4.91X4.94X3.06,,,62.1,56.0,F69-103106,7356362065,81884,-94.0,2880.9,印度,7356362065,无奶,-,无咖,1,www.zuansoft.com,1,GIA,,0.0,FIH-GKVGKI,3300.0,"Jun 28, 2020 1:57:23 PM",0,,81884 0628.xlsx,0,,,0,1,N,0,-,-,-,-,4.94,0,0,0.0,2880.9,1,0,0,0,0,ROUND,INDIA,True,0,False,0,,,,,,,,,
4351036959,圆形,0.45,E,VVS1,EX,EX,EX,NON,4.9,4.87,3.06,62.6,59,81884,1358216622,70958,-94.0,2880.9,印度,1358216622,无奶,-,无咖,1,vaibhavgems,1,GIA,,0.0,DGDD2,3300.0,"Jun 28, 2020 11:03:29 PM",0,,vaibhavgems接口导入,0,https://diamonddna.co.in/CertiImages/1358216622.pdf,https://diamonddna.co.in/RealImages/81884.jpg,0,1,N,0,BT0,BC0,-,-,4.9,0,0,0.0,2880.9,1,0,0,0,0,ROUND,INDIA,True,0,False,0,,,,,,,,,
4350682768,圆形,0.46,E,VVS1,EX,EX,EX,NON,4.96 X 4.99 X 3.06,,,61.60,58.00,PF-26,5343548960,90109,-89.8,2881.1639999999998,香港,5343548960,无奶,EC0,无咖,1,shubhlaxmi.diamx.net,1,GIA,,0.0,PF-LI,3300.0,"Jun 28, 2020 9:42:02 PM",0,,diamx接口导入,0,https://1641035733.rsc.cdn77.org/Certificates/5343548960.pdf,,0,1,N,0,-,-,-,-, 4.99 ,0,0,0.0,2881.1639999999998,1,0,0,0,0,ROUND,HK,True,0,False,0,,,1,,,,,,
4350902865,圆形,0.46,E,VVS1,EX,EX,EX,NON,4.91X4.95X3.09,,,62.6,59,SD-812AK,6335961272,79892,-89.98,2883.8964,印度,6335961272,无奶,-,无咖,1,http://shreediamonds.com,1,GIA,,0.0,SD-DGLAK,3300.0,"Jun 28, 2020 10:30:46 PM",0,,shreediamonds接口导入,0,,,0,1,N,0,B0,-,-,-,4.95,0,0,0.0,2883.8964,1,0,0,0,0,ROUND,INDIA,True,0,False,0,,,,,,,,,
4350902866,圆形,0.46,E,VVS1,EX,EX,EX,NON,4.92X4.96X3.06,,,61.9,57,SD-813AK,1349838349,79892,-89.98,2883.8964,印度,1349838349,无奶,-,无咖,1,http://shreediamonds.com,1,GIA,,0.0,SD-DGVAK,3300.0,"Jun 28, 2020 10:30:46 PM",0,,shreediamonds接口导入,0,,,0,1,N,0,B0,-,-,-,4.96,0,0,0.0,2883.8964,1,0,0,0,0,ROUND,INDIA,True,0,False,0,,,,,,,,,
4348479554,圆形,0.46,E,VVS1,EX,EX,EX,NON,4.94,4.91,3.09,62.8,57.0,SSS3284,2346685352,74841,-90.0,2884.2000000000003,印度,2346685352,无奶,EC0,无咖,1,www.zuansoft.com,1,GIA,,0.0,SSSVLD2,3300.0,"Jun 28, 2020 12:00:34 PM",0,,74841 0628.xls,0,,,0,1,N,0,B0,-,W1,-,4.94,0,0,0.0,2884.2000000000003,1,0,0,0,0,ROUND,INDIA,True,0,False,0,,,,,,,,,
4344074204,圆形,0.45,D,VVS2,EX,EX,EX,NON,4.90X4.87X3.04,,,62.3,58.0,5042356,2205818464,66444,-88.6,2885.58,印度,2205818464,无奶,-,无咖,1,www.zuansoft.com,1,GIA,,0.0,ZK2LVZI,3400.0,"Jun 27, 2020 2:02:48 PM",0,,66444 0627.xlsx,0,https://d6z2uq3gvx7kk.cloudfront.net/Images/2205818464.jpg,https://d6z2uq3gvx7kk.cloudfront.net/videos/5042356/still.jpg,0,1,N,0,-,BC1,WT0,WC0,4.90,0,0,0.0,2885.58,1,0,0,0,0,ROUND,INDIA,True,0,False,0,,,,,,,,,
4344178848,圆形,0.46,D,VVS2,EX,EX,EX,NON,4.94X4.97X3.02,,,60.9,60.0,8834520248,1206973208,63050,-84.54,2886.2056,印度,1206973208,无奶,-,无咖,1,www.zuansoft.com,1,GIA,,0.0,DDV2ZLKL2D,3400.0,"Jun 27, 2020 2:11:41 PM",0,,63050 0623.xlsx,0,https://media.hdfiles.in:8520/cert.aspx?StoneId=8834520248,https://media.hdfiles.in:8520/HD4/imaged/8834520248/still.jpg,0,1,N,0,BT0,BC0,-,-,4.97,0,0,0.0,2886.2056,1,0,0,0,0,ROUND,INDIA,True,0,False,0,,,,,IMG,,,,
4350881734,圆形,0.46,E,VVS2,EX,EX,EX,NON,5.01,4.98,2.99,59.9,60,100731622704,3355244982,62919,-109.5,2891.1,印度,3355244982,无奶,-,无咖,1,diamonds.kirangems.com,1,GIA,,0.0,GKKUVGILLUK2,3000.0,"Jun 28, 2020 10:26:41 PM",0,,kirangems接口导入,0,https://photo.diamondasset.in:8080/Picture/3355244982.pdf,https://photo.diamondasset.in:8080/imagesM/3355244982.jpg,0,1,N,0,BT0,BC0,-,-,5.01,0,0,0.0,2891.1,1,0,0,0,0,ROUND,INDIA,True,0,False,0,,,,MED to STK,https://photo.diamondasset.in/photo/appVideo.jsp?idv=3355244982,,,,
4351074838,圆形,0.45,D,VVS1,EX,EX,EX,NON,4.88,4.85,3.06,62.9,56.0,L295010401,6352165611,88933,-83.6,2891.7000000000003,印度,6352165611,无奶,EC0,无咖,1,service.cdinesh.in,1,GIA,,1.0,LLHZKGK2KG,3500.0,"Jun 28, 2020 11:15:36 PM",0,,service.cdinesh.in接口导入,0,https://www.pkstone.co.in/PK/CERTI/6352165611.jpg,,0,1,N,0,BT0,BC0,WT0,WC0,4.88,0,0,0.0,2891.7000000000003,1,0,0,0,0,ROUND,INDIA,True,0,False,0,,,,,,,,,
4350882479,圆形,0.45,D,VVS2,EX,EX,EX,NON,4.89,4.85,3.07,63.1,58,100737095308,6351249889,62919,-101.0,2894.4,印度,6351249889,无奶,-,无咖,1,diamonds.kirangems.com,1,GIA,,0.0,GKKUVUKHZVKD,3200.0,"Jun 28, 2020 10:26:53 PM",0,,kirangems接口导入,0,https://photo.diamondasset.in:8080/Picture/6351249889.pdf,https://photo.diamondasset.in:8080/imagesM/6351249889.jpg,0,1,N,0,BT0,BC0,-,-,4.89,0,0,0.0,2894.4,1,0,0,0,0,ROUND,INDIA,True,0,False,0,,,,MED to STK,https://photo.diamondasset.in/photo/appVideo.jsp?idv=6351249889,,,,
4350902793,圆形,0.45,D,VVS1,EX,EX,EX,NON,4.86X4.89X3.08,,,63.3,57,SD-829AK,7346635017,79892,-83.98,2897.685,印度,7346635017,无奶,-,无咖,1,http://shreediamonds.com,1,GIA,,0.0,SD-DLHAK,3500.0,"Jun 28, 2020 10:30:46 PM",0,,shreediamonds接口导入,0,,,0,1,N,0,B0,-,-,-,4.89,0,0,0.0,2897.685,1,0,0,0,0,ROUND,INDIA,True,0,False,0,,,,,,,,,
4350512931,圆形,0.45,D,VVS1,EX,EX,EX,NON,4.92X4.95X3.04,,,61.60,59.00,F163-110BA,1358122684,97085,-84.0,2898.0,孟买,1358122684,无奶,EC0,无咖,1,ratnakala.dotnodecoders.com,1,GIA,,0.0,FGIV-GGKBA,3500.0,"Jun 28, 2020 9:10:17 PM",0,,dotnodecoders接口导入,0,,,0,1,N,0,BT0,BC0,-,-,4.95,0,0,0.0,2898.0,1,0,0,0,0,ROUND,MUMBAI,True,0,False,0,,,,,https://v360.in/Excellent/vision360.html?d=F163-110BA,,,,
4350522918,圆形,0.45,D,VVS1,EX,EX,EX,NON,4.87X4.91X3.05,,,62.30,57.00,F83-113A,7341819796,97085,-84.0,2898.0,孟买,7341819796,无奶,EC0,无咖,1,ratnakala.dotnodecoders.com,1,GIA,,0.0,FDV-GGVA,3500.0,"Jun 28, 2020 9:11:31 PM",0,,dotnodecoders接口导入,0,,,0,1,N,0,BT0,BC0,-,-,4.91,0,0,0.0,2898.0,1,0,0,0,0,ROUND,MUMBAI,True,0,False,0,,,,,https://v360.in/Excellent/vision360.html?d=F83-113A,,,,
4348317750,圆形,0.45,D,VVS1,EX,EX,EX,NON,4.92,4.89,3.09,63.0,54.0,9950637,6342549329,70860,-84.0,2898.0,香港,6342549329,N,-,N,1,www.zuansoft.com,1,GIA,,0.0,HHZKIVU,3500.0,"Jun 28, 2020 11:14:11 AM",0,N,70860 0628.xlsx,0,,,0,1,N,1,-,-,-,-,4.92,0,0,0.0,2898.0,1,0,0,0,0,ROUND,HK,True,0,False,0,,,,,,,,,
4350523469,圆形,0.45,D,VVS1,EX,EX,EX,NON,4.87X4.91X3.05,,,62.30,58.00,F97-179A,1347802762,97085,-84.0,2898.0,孟买,1347802762,无奶,EC0,无咖,1,ratnakala.dotnodecoders.com,1,GIA,,0.0,FHU-GUHA,3500.0,"Jun 28, 2020 9:11:36 PM",0,,dotnodecoders接口导入,0,,,0,1,N,0,BT0,BC0,-,-,4.91,0,0,0.0,2898.0,1,0,0,0,0,ROUND,MUMBAI,True,0,False,0,,,,,https://v360.in/Excellent/vision360.html?d=F97-179A,,,,
4350519191,圆形,0.45,D,VVS1,EX,EX,EX,NON,4.89X4.91X3.04,,,62.10,58.00,F190-63A,2357281833,97085,-84.0,2898.0,孟买,2357281833,无奶,EC0,无咖,1,ratnakala.dotnodecoders.com,1,GIA,,0.0,FGHK-IVA,3500.0,"Jun 28, 2020 9:10:55 PM",0,,dotnodecoders接口导入,0,,,0,1,N,0,BT0,BC0,-,-,4.91,0,0,0.0,2898.0,1,0,0,0,0,ROUND,MUMBAI,True,0,False,0,,,,,https://v360.in/Excellent/vision360.html?d=F190-63A,,,,
4350510245,圆形,0.46,D,VVS1,EX,EX,EX,NON,4.92X4.96X3.07,,,62.20,59.00,F144-175A,6352211773,97085,-80.0,2898.0,孟买,6352211773,无奶,EC0,无咖,1,ratnakala.dotnodecoders.com,1,GIA,,0.0,FG22-GUZA,3500.0,"Jun 28, 2020 9:09:45 PM",0,,dotnodecoders接口导入,0,,,0,1,N,0,BT0,BC0,-,-,4.96,0,0,0.0,2898.0,1,0,0,0,0,ROUND,MUMBAI,True,0,False,0,,,,,https://v360.in/Excellent/vision360.html?d=F144-175A,,,,
4350523567,圆形,0.45,D,VVS1,EX,EX,EX,NON,4.87X4.90X3.03,,,62.10,57.00,F99-108A,7348836929,97085,-84.0,2898.0,孟买,7348836929,无奶,EC0,无咖,1,ratnakala.dotnodecoders.com,1,GIA,,0.0,FHH-GKDA,3500.0,"Jun 28, 2020 9:11:37 PM",0,,dotnodecoders接口导入,0,,,0,1,N,0,BT0,BC0,-,-,4.90,0,0,0.0,2898.0,1,0,0,0,0,ROUND,MUMBAI,True,0,False,0,,,,,https://v360.in/Excellent/vision360.html?d=F99-108A,,,,
4350508530,圆形,0.45,D,VVS1,EX,EX,EX,NON,4.84X4.88X3.06,,,63.00,58.00,F116-186A,1349955190,97085,-84.0,2898.0,孟买,1349955190,无奶,EC0,无咖,1,ratnakala.dotnodecoders.com,1,GIA,,0.0,FGGI-GDIA,3500.0,"Jun 28, 2020 9:09:32 PM",0,,dotnodecoders接口导入,0,,,0,1,N,0,BT0,BC0,-,-,4.88,0,0,0.0,2898.0,1,0,0,0,0,ROUND,MUMBAI,True,0,False,0,,,,,https://v360.in/Excellent/vision360.html?d=F116-186A,,,,
4350908536,圆形,0.45,E,VVS1,EX,EX,EX,NON,4.92,4.89,3.09,63.1,56,SRAC25,2356202397,68981,-95.8,2907.63,印度,2356202397,无奶,EC0,无咖,1,api.sunrays.diamonds,1,GIA,,1.9,SRACLZ,3300.0,"Jun 28, 2020 10:33:04 PM",0,N,sunrays接口导入,0,,,0,1,N,1,-,-,-,-,4.92,0,0,0.0,2907.63,1,0,0,0,0,ROUND,INDIA,True,0,False,0,,,,,,,,,
4350908537,圆形,0.45,E,VVS1,EX,EX,EX,NON,4.89,4.86,3.08,63.2,55,SRZS130,2354208759,68981,-95.8,2907.63,印度,2354208759,无奶,EC0,无咖,1,api.sunrays.diamonds,1,GIA,,1.9,SRZSGVK,3300.0,"Jun 28, 2020 10:33:04 PM",0,N,sunrays接口导入,0,,,0,1,N,1,-,-,-,-,4.89,0,0,0.0,2907.63,1,0,0,0,0,ROUND,INDIA,True,0,False,0,,,,,,,,,
4350902800,圆形,0.45,D,VVS2,EX,EX,EX,NON,5.01X5.04X3,,,59.6,61,SD-834AK,6341454264,79892,-101.98,2908.5119999999997,印度,6341454264,无奶,-,无咖,1,http://shreediamonds.com,1,GIA,,0.0,SD-DV2AK,3200.0,"Jun 28, 2020 10:30:46 PM",0,,shreediamonds接口导入,0,,,0,1,N,0,B0,-,-,-,5.04,0,0,0.0,2908.5119999999997,1,0,0,0,0,ROUND,INDIA,True,0,False,0,,,,,,,,,
4350881493,圆形,0.45,D,VVS2,EX,EX,EX,NON,4.90,4.87,3.07,62.8,57,100736928548,6355285580,62919,-102.0,2908.8,印度,6355285580,无奶,-,无咖,1,diamonds.kirangems.com,1,GIA,,0.0,GKKUVIHLDZ2D,3200.0,"Jun 28, 2020 10:26:38 PM",0,,kirangems接口导入,0,https://photo.diamondasset.in:8080/Picture/6355285580.pdf,https://photo.diamondasset.in:8080/imagesM/6355285580.jpg,0,1,N,0,BT0,BC0,-,-,4.90,0,0,0.0,2908.8,1,0,0,0,0,ROUND,INDIA,True,0,False,0,,,,MED to STK,https://photo.diamondasset.in/photo/appVideo.jsp?idv=6355285580,,,,
4350619451,圆形,0.45,E,VVS1,EX,EX,EX,NON,4.92 X 4.93 X 3.06,,,62.20,58.00,SDA516778,6355363653,74753,-96.0,2910.6,印度,6355363653,无奶,EC0,无咖,1,sd.diamx.net,1,GIA,,1.0,SDAZGIUUD,3300.0,"Jun 28, 2020 9:31:56 PM",0,,diamx接口导入,0,https://www.gia.edu/report-check?reportno=6355363653,,0,1,N,0,-,-,-,-, 4.93 ,0,0,0.0,2910.6,1,0,0,0,0,ROUND,INDIA,True,0,False,0,,,1,,,,,,
4350620625,圆形,0.45,E,VVS1,EX,EX,EX,NON,4.91 X 4.94 X 3.06,,,62.10,56.00,SDA518061,7356362065,74753,-96.0,2910.6,印度,7356362065,无奶,EC0,无咖,1,sd.diamx.net,1,GIA,,1.0,SDAZGDKIG,3300.0,"Jun 28, 2020 9:32:16 PM",0,,diamx接口导入,0,https://www.gia.edu/report-check?reportno=7356362065,,0,1,N,0,-,-,-,-, 4.94 ,0,0,0.0,2910.6,1,0,0,0,0,ROUND,INDIA,True,0,False,0,,,1,,,,,,
4350494819,圆形,0.45,D,VVS1,EX,EX,EX,NON,4.92,4.89,3.03,61.90,58.00,620303871,1349918941,32952,-74.86,2911.419,印度,1349918941,无奶,EC0,无咖,1,websvr.jbbros.com,1,GIA,,2.0,ILKVKVDUG,3700.0,"Jun 28, 2020 9:07:57 PM",0,,websvr.jbbros.com接口导入,0,http://i.stonehdfile.com/StoneDetail/Certificate/GIA/620303871.jpg#Certi,,0,1,N,0,BT0,BC0,-,-,4.92,0,0,0.0,2911.419,1,0,0,0,0,ROUND,INDIA,True,0,False,0,,,,3.50,,,,,
4350586316,圆形,0.46,E,VVS1,EX,EX,EX,NON,4.96 X 4.99 X 3.06,,,61.60,58.00,SDA249995,5343548960,74753,-91.8,2911.524,香港,5343548960,无奶,EC0,无咖,1,sd.diamx.net,1,GIA,,1.0,SDAL2HHHZ,3300.0,"Jun 28, 2020 9:23:29 PM",0,,diamx接口导入,0,https://www.gia.edu/report-check?reportno=5343548960,,0,1,N,0,-,-,-,-, 4.99 ,0,0,0.0,2911.524,1,0,0,0,0,ROUND,HK,True,0,False,0,,,1,,,,,,
4350511710,圆形,0.45,D,VVS1,EX,EX,EX,NON,4.87X4.90X3.05,,,62.40,59.00,F153-39A,2357124596,97085,-85.0,2913.75,孟买,2357124596,无奶,EC0,无咖,1,ratnakala.dotnodecoders.com,1,GIA,,0.0,FGZV-VHA,3500.0,"Jun 28, 2020 9:10:03 PM",0,,dotnodecoders接口导入,0,,,0,1,N,0,BT0,BC0,-,-,4.90,0,0,0.0,2913.75,1,0,0,0,0,ROUND,MUMBAI,True,0,False,0,,,,,https://v360.in/Excellent/vision360.html?d=F153-39A,,,,
4350510891,圆形,0.46,D,VVS1,EX,EX,EX,NON,4.92X4.94X3.07,,,62.30,58.00,F149-143A,3355208665,97085,-81.0,2914.1,孟买,3355208665,无奶,EC0,无咖,1,ratnakala.dotnodecoders.com,1,GIA,,0.0,FG2H-G2VA,3500.0,"Jun 28, 2020 9:09:52 PM",0,,dotnodecoders接口导入,0,,,0,1,N,0,BT0,BC1,-,-,4.94,0,0,0.0,2914.1,1,0,0,0,0,ROUND,MUMBAI,True,0,False,0,,,,,https://v360.in/Excellent/vision360.html?d=F149-143A,,,,
4350902818,圆形,0.45,E,VVS2,EX,EX,EX,NON,5.01X5.03X2.99,,,59.5,58,SD-845AK,1345946664,79892,-115.98,2915.73,印度,1345946664,无奶,-,无咖,1,http://shreediamonds.com,1,GIA,,0.0,SD-D2ZAK,3000.0,"Jun 28, 2020 10:30:46 PM",0,,shreediamonds接口导入,0,,,0,1,N,0,B0,-,-,-,5.03,0,0,0.0,2915.73,1,0,0,0,0,ROUND,INDIA,True,0,False,0,,,,,,,,,
4350881757,圆形,0.45,E,VVS1,EX,EX,EX,NON,4.92,4.88,3.08,62.9,55,100734882386,2354288902,62919,-96.5,2918.025,印度,2354288902,无奶,-,无咖,1,diamonds.kirangems.com,1,GIA,,0.0,GKKUV2DDLVDI,3300.0,"Jun 28, 2020 10:26:42 PM",0,,kirangems接口导入,0,https://photo.diamondasset.in:8080/Picture/2354288902.pdf,https://photo.diamondasset.in:8080/imagesM/2354288902.jpg,0,1,N,0,BT0,BC0,-,-,4.92,0,0,0.0,2918.025,1,0,0,0,0,ROUND,INDIA,True,0,False,0,,,,MED to STK,https://photo.diamondasset.in/photo/appVideo.jsp?idv=2354288902,,,,
4350857751,圆形,0.45,D,VVS1,EX,EX,EX,NON,4.89,4.86,3.07,63.0,56,100734899268,2347711891,62919,-85.5,2921.625,香港,2347711891,无奶,-,无咖,1,diamonds.kirangems.com,1,GIA,,0.0,GKKUV2DHHLID,3500.0,"Jun 28, 2020 10:23:55 PM",0,,kirangems接口导入,0,https://photo.diamondasset.in:8080/Picture/2347711891.pdf,,0,1,N,0,BT0,BC0,-,-,4.89,0,0,0.0,2921.625,1,0,0,0,0,ROUND,HK,True,0,False,0,,,,MED to STK,,,,,
4351034578,圆形,0.46,E,VVS2,EX,EX,EX,NON,5.04,5.02,3,59.7,59,81188,2356045817,70958,-112.0,2925.6,印度,2356045817,无奶,-,无咖,1,vaibhavgems,1,GIA,,0.0,DGGDD,3000.0,"Jun 28, 2020 11:03:16 PM",0,,vaibhavgems接口导入,0,https://diamonddna.co.in/CertiImages/2356045817.pdf,https://diamonddna.co.in/RealImages/81188.jpg,0,1,N,0,BT0,BC0,-,-,5.04,0,0,0.0,2925.6,1,0,0,0,0,ROUND,INDIA,True,0,False,0,,,,,,,,,
4350908458,圆形,0.45,D,VVS1,EX,EX,EX,NON,4.9,4.88,3.05,62.4,57,SRH14687,7336004493,68981,-85.8,2926.35,印度,7336004493,无奶,EC0,无咖,1,api.sunrays.diamonds,1,GIA,,1.9,SRHG2IDU,3500.0,"Jun 28, 2020 10:33:02 PM",0,N,sunrays接口导入,0,,,0,1,N,1,-,-,-,-,4.9,0,0,0.0,2926.35,1,0,0,0,0,ROUND,INDIA,True,0,False,0,,,,MED TO STK,,,,,
4350908459,圆形,0.45,D,VVS1,EX,EX,EX,NON,4.91,4.89,3.04,62,58,SRH14686,7336007988,68981,-85.8,2926.35,印度,7336007988,无奶,EC0,无咖,1,api.sunrays.diamonds,1,GIA,,1.9,SRHG2IDI,3500.0,"Jun 28, 2020 10:33:02 PM",0,N,sunrays接口导入,0,,,0,1,N,1,-,-,-,-,4.91,0,0,0.0,2926.35,1,0,0,0,0,ROUND,INDIA,True,0,False,0,,,,MED TO STK,,,,,
4350908460,圆形,0.45,D,VVS1,EX,EX,EX,NON,4.92,4.89,3.07,62.6,56,SRZY31,5353070273,68981,-85.8,2926.35,印度,5353070273,无奶,EC0,无咖,1,api.sunrays.diamonds,1,GIA,,1.9,SRZYVG,3500.0,"Jun 28, 2020 10:33:02 PM",0,N,sunrays接口导入,0,,,0,1,N,1,-,-,-,-,4.92,0,0,0.0,2926.35,1,0,0,0,0,ROUND,INDIA,True,0,False,0,,,,,,,,,
4350908461,圆形,0.45,D,VVS1,EX,EX,EX,NON,4.89,4.86,3.08,63.2,56,SRZU65,5346783835,68981,-85.8,2926.35,印度,5346783835,无奶,EC0,无咖,1,api.sunrays.diamonds,1,GIA,,1.9,SRZUIZ,3500.0,"Jun 28, 2020 10:33:02 PM",0,N,sunrays接口导入,0,,,0,1,N,1,-,-,-,-,4.89,0,0,0.0,2926.35,1,0,0,0,0,ROUND,INDIA,True,0,False,0,,,,,,,,,
4350908462,圆形,0.45,D,VVS1,EX,EX,EX,NON,4.9,4.87,3.09,63.2,56,SRZU122,7346784636,68981,-85.8,2926.35,印度,7346784636,无奶,EC0,无咖,1,api.sunrays.diamonds,1,GIA,,1.9,SRZUGLL,3500.0,"Jun 28, 2020 10:33:02 PM",0,N,sunrays接口导入,0,,,0,1,N,1,-,-,-,-,4.9,0,0,0.0,2926.35,1,0,0,0,0,ROUND,INDIA,True,0,False,0,,,,,,,,,
4350494822,圆形,0.45,D,VVS1,EX,EX,EX,NON,4.89,4.86,3.05,62.50,57.00,920704736,1353039942,32952,-75.9,2928.735,印度,1353039942,无奶,EC0,无咖,1,websvr.jbbros.com,1,GIA,,2.0,HLKUK2UVI,3700.0,"Jun 28, 2020 9:07:57 PM",0,,websvr.jbbros.com接口导入,0,http://i.stonehdfile.com/StoneDetail/Certificate/GIA/920704736.jpg#Certi,,0,1,N,0,BT0,BC0,-,-,4.89,0,0,0.0,2928.735,1,0,0,0,0,ROUND,INDIA,True,0,False,0,,,,4.00,,,,,
4350513506,圆形,0.45,D,VVS1,EX,EX,EX,NON,4.88X4.91X3.05,,,62.20,57.00,F166-295A,7351252290,97085,-86.0,2929.5,孟买,7351252290,无奶,EC0,无咖,1,ratnakala.dotnodecoders.com,1,GIA,,0.0,FGII-LHZA,3500.0,"Jun 28, 2020 9:10:23 PM",0,,dotnodecoders接口导入,0,,,0,1,N,0,BT0,BC0,-,-,4.91,0,0,0.0,2929.5,1,0,0,0,0,ROUND,MUMBAI,True,0,False,0,,,,,https://v360.in/Excellent/vision360.html?d=F166-295A,,,,
4350679413,圆形,0.45,D,VVS1,EX,EX,EX,NON,4.90X  4.87X  3.04,,,57,62.20,OSSN-01751,6352217438,32457,-86.0,2929.5,印度,6352217438,无奶,-,无咖,1,api.kgirdharlal.com,1,GIA,,0.0,OSSN-KGUZG,3500.0,"Jun 28, 2020 9:41:14 PM",0,,api.kgirdharlal.com  文档在线导入,0,,,0,1,N,0,-,-,-,-,4.90,0,0,0.0,2929.5,1,0,0,0,0,ROUND,INDIA,True,0,False,0,,,1,,,,,,
4350680701,圆形,0.45,D,VVS1,EX,EX,EX,NON,4.89X  4.85X  3.06,,,56,62.90,OSSN-00150,2356200375,32457,-86.0,2929.5,印度,2356200375,无奶,-,无咖,1,api.kgirdharlal.com,1,GIA,,0.0,OSSN-KKGZK,3500.0,"Jun 28, 2020 9:41:30 PM",0,,api.kgirdharlal.com  文档在线导入,0,,,0,1,N,0,-,-,-,-,4.89,0,0,0.0,2929.5,1,0,0,0,0,ROUND,INDIA,True,0,False,0,,,1,,,,,,
4350873254,圆形,0.45,D,VVS1,EX,EX,EX,NON,4.91,4.88,3.09,63.0,57,100730868143,5343844070,62919,-86.0,2929.5,香港,5343844070,无奶,-,无咖,1,diamonds.kirangems.com,1,GIA,,0.0,GKKUVKDIDG2V,3500.0,"Jun 28, 2020 10:24:45 PM",0,,kirangems接口导入,0,https://photo.diamondasset.in:8080/Picture/5343844070.pdf,,0,1,N,0,BT0,BC0,-,-,4.91,0,0,0.0,2929.5,1,0,0,0,0,ROUND,HK,True,0,False,0,,,,MED to STK,,,,,
4350941152,圆形,0.45,D,VVS1,EX,EX,EX,NON,4.89,4.90,3.06,62.40,57.00,LD19102402,2337881334,48394,-86.0,2929.5,印度,2337881334,无奶,EC0,无咖,1,www.laxmidiamond.com,1,GIA,,0.0,LDGHGKL2KL,3500.0,"Jun 28, 2020 10:37:03 PM",0,,www.laxmidiamond.com文档在线导入,0,https://certifiedstone.info/certificate/LD19102402.pdf,https://certifiedstone.info/diamondimages/LD19102402/LD19102402_1.jpg,0,1,N,0,BT0,BC0,WT0,WC0,4.90,0,0,0.0,2929.5,1,0,0,0,0,ROUND,INDIA,True,0,False,0,,,,,https://certifiedstone.info/viewer/vision360.html?d=LD19102402,,,,
4350161083,圆形,0.46,D,VVS1,EX,EX,EX,NON,4.92,4.9,3.11,63.3,56,JL-75,7348014673,73302,-82.0,2930.2000000000003,印度,7348014673,无奶,-,无咖,1,www.glowstaronline.com,1,GIA,,1.0,JL-UZ,3500.0,"Jun 28, 2020 6:47:50 PM",0,,glowstaronline接口导入,0,,https://s3-ap-southeast-1.amazonaws.com/pics.glowstaronline.com/imaged/jl-75/still.jpg,0,1,N,0,BT0,BC0,-,-,4.92,0,0,0.0,2930.2000000000003,1,0,0,0,0,ROUND,INDIA,True,0,False,0,,,,THN to STK,,,,,
4350881395,圆形,0.46,E,VVS2,EX,EX,EX,NON,4.94,4.92,3.04,61.6,58,100734966992,6351275978,62919,-112.5,2932.5,印度,6351275978,无奶,-,无咖,1,diamonds.kirangems.com,1,GIA,,0.0,GKKUV2HIIHHL,3000.0,"Jun 28, 2020 10:26:37 PM",0,,kirangems接口导入,0,https://photo.diamondasset.in:8080/Picture/6351275978.pdf,https://photo.diamondasset.in:8080/imagesM/6351275978.jpg,0,1,N,0,BT0,BC0,WT1,-,4.94,0,0,0.0,2932.5,1,0,0,0,0,ROUND,INDIA,True,0,False,0,,,,MED to STK,https://photo.diamondasset.in/photo/appVideo.jsp?idv=6351275978,,,,
4351001214,圆形,0.45,E,VVS1,EX,EX,EX,NON,4.88X4.91X3.04,,,62.1,58,0.40W367867,2357100659,50841,-86.46,2936.7450000000003,印度,2357100659,无奶,-,无咖,1,starrays.com,1,GIA,,1.8,K.2KWVIUDIU,3500.0,"Jun 28, 2020 10:53:15 PM",0,,starrays.com文档在线导入,0,https://dnadiamond.net/DNA/FrmShowCert.aspx?refno=0.40W367867,,0,1,N,0,BT0,BC0,-,-,4.91,0,0,0.0,2936.7450000000003,1,0,0,0,0,ROUND,INDIA,True,0,False,0,,,,M-SL.TK,,,,,
4350908538,圆形,0.45,E,VVS1,EX,EX,EX,NON,4.93,4.92,3.04,61.7,57,SRZS231,2344705963,68981,-97.8,2937.33,印度,2344705963,无奶,EC0,无咖,1,api.sunrays.diamonds,1,GIA,,1.9,SRZSLVG,3300.0,"Jun 28, 2020 10:33:04 PM",0,N,sunrays接口导入,0,,,0,1,N,1,-,-,-,-,4.93,0,0,0.0,2937.33,1,0,0,0,0,ROUND,INDIA,True,0,False,0,,,,,,,,,
4350852130,圆形,0.45,D,VVS1,EX,EX,EX,NON,4.91,4.87,2.99,61.2,59,100731425666,6345973634,62919,-86.5,2937.375,香港,6345973634,无奶,-,无咖,1,diamonds.kirangems.com,1,GIA,,0.0,GKKUVG2LZIII,3500.0,"Jun 28, 2020 10:23:26 PM",0,,kirangems接口导入,0,https://photo.diamondasset.in:8080/Picture/6345973634.pdf,,0,1,N,0,BT0,BC0,-,-,4.91,0,0,0.0,2937.375,1,0,0,0,0,ROUND,HK,True,0,False,0,,,,MED to STK,,,,,
4350513568,圆形,0.45,D,VVS2,EX,EX,EX,NON,4.87X4.91X3.03,,,61.80,59.00,F167-115A,2356410940,97085,-104.0,2937.6,孟买,2356410940,无奶,EC0,无咖,1,ratnakala.dotnodecoders.com,1,GIA,,0.0,FGIU-GGZA,3200.0,"Jun 28, 2020 9:10:23 PM",0,,dotnodecoders接口导入,0,,,0,1,N,0,BT0,BC0,-,-,4.91,0,0,0.0,2937.6,1,0,0,0,0,ROUND,MUMBAI,True,0,False,0,,,,,https://v360.in/Excellent/vision360.html?d=F167-115A,,,,
4350902815,圆形,0.45,E,VVS1,EX,EX,EX,NON,4.92X4.94X3.04,,,61.6,59,SD-691AD,1359098958,79892,-97.98,2940.003,香港,1359098958,无奶,-,无咖,1,http://shreediamonds.com,1,GIA,,0.0,SD-IHGAD,3300.0,"Jun 28, 2020 10:30:46 PM",0,,shreediamonds接口导入,0,,,0,1,N,0,B0,-,-,-,4.94,0,0,0.0,2940.003,1,0,0,0,0,ROUND,HK,True,0,False,0,,,,,,,,,
4344091085,圆形,0.45,E,VVS1,EX,EX,EX,NON,4.92X4.89X3.02,,,61.60,60.00,TY16192081,2354271185,78738,-98.0,2940.3,印度,2354271185,无奶,-,无咖,1,www.zuansoft.com,1,GIA,,0.0,TYGIGHLKDG,3300.0,"Jun 27, 2020 2:04:13 PM",0,,78738 0627.xlsx,0,,,0,1,N,0,-,-,-,-,4.92,0,0,0.0,2940.3,1,0,0,0,0,ROUND,INDIA,True,0,False,0,,,,,,,,,
4349940062,圆形,0.45,D,VVS1,EX,EX,EX,NON,4.86,4.91,3.05,62.4,57.0,BG2576,6345838528,71657,-86.72,2940.84,香港,6345838528,无奶,-,无咖,1,www.zuansoft.com,1,GIA,,0.0,BGLZUI,3500.0,"Jun 28, 2020 6:12:42 PM",0,N,71657 0628.xlsx,0,https://www.sunrisediamonds.com.hk/certi/6345838528.pdf,,0,1,N,1,-,-,-,-,4.91,0,0,0.0,2940.84,1,0,0,0,0,ROUND,HK,True,0,False,0,,,,,,,,,
4349940063,圆形,0.45,D,VVS1,EX,EX,EX,NON,4.88,4.91,3.06,62.4,58.0,BG2578,1345325549,71657,-86.92,2943.99,香港,1345325549,无奶,-,无咖,1,www.zuansoft.com,1,GIA,,0.0,BGLZUD,3500.0,"Jun 28, 2020 6:12:42 PM",0,N,71657 0628.xlsx,0,https://www.sunrisediamonds.com.hk/certi/1345325549.pdf,,0,1,N,1,-,-,-,-,4.91,0,0,0.0,2943.99,1,0,0,0,0,ROUND,HK,True,0,False,0,,,,,,,,,
4349940064,圆形,0.45,D,VVS1,EX,EX,EX,NON,4.86,4.9,3.04,62.4,58.0,BG2579,7343838869,71657,-86.92,2943.99,香港,7343838869,无奶,-,无咖,1,www.zuansoft.com,1,GIA,,0.0,BGLZUH,3500.0,"Jun 28, 2020 6:12:42 PM",0,N,71657 0628.xlsx,0,https://www.sunrisediamonds.com.hk/certi/7343838869.pdf,,0,1,N,1,-,-,-,-,4.9,0,0,0.0,2943.99,1,0,0,0,0,ROUND,HK,True,0,False,0,,,,,,,,,
4350830612,圆形,0.46,D,VVS2,EX,EX,EX,NON,4.94,4.91,3.10,62.9,58,100731604400,2357062459,62919,-100.0,2944.0,香港,2357062459,无奶,-,无咖,1,diamonds.kirangems.com,1,GIA,,0.0,GKKUVGIK22KK,3200.0,"Jun 28, 2020 10:19:17 PM",0,,kirangems接口导入,0,https://photo.diamondasset.in:8080/Picture/2357062459.pdf,,0,1,N,0,BT0,BC0,-,-,4.94,0,0,0.0,2944.0,1,0,0,0,0,ROUND,HK,True,0,False,0,,,,MED to STK,,,,,
4350839499,圆形,0.46,D,VVS2,EX,EX,EX,NON,4.91,4.87,3.10,63.5,56,100735000772,7358062386,62919,-100.0,2944.0,香港,7358062386,无奶,-,无咖,1,diamonds.kirangems.com,1,GIA,,0.0,GKKUVZKKKUUL,3200.0,"Jun 28, 2020 10:20:35 PM",0,,kirangems接口导入,0,https://photo.diamondasset.in:8080/Picture/7358062386.pdf,,0,1,N,0,BT0,BC0,-,-,4.91,0,0,0.0,2944.0,1,0,0,0,0,ROUND,HK,True,0,False,0,,,,MED to STK,,,,,
4350816467,圆形,0.46,D,VVS2,EX,EX,EX,NON,4.92,4.88,3.10,63.1,56,100734965672,6342989436,62919,-100.0,2944.0,香港,6342989436,无奶,-,无咖,1,diamonds.kirangems.com,1,GIA,,0.0,GKKUV2HIZIUL,3200.0,"Jun 28, 2020 10:17:35 PM",0,,kirangems接口导入,0,https://photo.diamondasset.in:8080/Picture/6342989436.pdf,,0,1,N,0,BT0,BC0,-,-,4.92,0,0,0.0,2944.0,1,0,0,0,0,ROUND,HK,True,0,False,0,,,,MED to STK,,,,,
4344178209,圆形,0.46,E,VVS2,EX,EX,EX,NON,5.03X5.05X3.01,,,59.7,59.0,3833830353,5202850047,63050,-100.06,2944.8832,印度,5202850047,无奶,-,无咖,1,www.zuansoft.com,1,GIA,,0.0,VDVVDVKVZV,3200.0,"Jun 27, 2020 2:11:41 PM",0,,63050 0623.xlsx,0,https://media.hdfiles.in:8520/cert.aspx?StoneId=3833830353,https://media.hdfiles.in:8520/HD4/imaged/3833830353/still.jpg,0,1,N,0,BT0,BC0,-,-,5.05,0,0,0.0,2944.8832,1,0,0,0,0,ROUND,INDIA,True,0,False,0,,,,,IMG,,,,
4350593100,圆形,0.46,E,VVS1,EX,EX,EX,NON,4.96 X 4.92 X 3.06,,,61.90,57.00,SDA258584,1349838349,74753,-94.0,2944.92,印度,1349838349,无奶,EC0,无咖,1,sd.diamx.net,1,GIA,,1.0,SDALZDZD2,3300.0,"Jun 28, 2020 9:25:03 PM",0,,diamx接口导入,0,https://www.gia.edu/report-check?reportno=1349838349,,0,1,N,0,-,-,-,-,4.96 ,0,0,0.0,2944.92,1,0,0,0,0,ROUND,INDIA,True,0,False,0,,,1,,,,,,
4350593407,圆形,0.46,E,VVS1,EX,EX,EX,NON,4.95 X 4.91 X 3.09,,,62.60,59.00,SDA260070,6335961272,74753,-94.0,2944.92,印度,6335961272,无奶,EC0,无咖,1,sd.diamx.net,1,GIA,,1.0,SDALIKKUK,3300.0,"Jun 28, 2020 9:25:07 PM",0,,diamx接口导入,0,https://www.gia.edu/report-check?reportno=6335961272,,0,1,N,0,-,-,-,-,4.95 ,0,0,0.0,2944.92,1,0,0,0,0,ROUND,INDIA,True,0,False,0,,,1,,,,,,
4350857824,圆形,0.45,D,VVS1,EX,EX,EX,NON,4.87,4.83,3.07,63.3,57,100734907729,7343861086,62919,-87.0,2945.25,香港,7343861086,无奶,-,无咖,1,diamonds.kirangems.com,1,GIA,,0.0,GKKUV2HKUULH,3500.0,"Jun 28, 2020 10:23:56 PM",0,,kirangems接口导入,0,https://photo.diamondasset.in:8080/Picture/7343861086.pdf,,0,1,N,0,BT0,BC0,-,-,4.87,0,0,0.0,2945.25,1,0,0,0,0,ROUND,HK,True,0,False,0,,,,MED to STK,,,,,
4350941081,圆形,0.45,D,VVS1,EX,EX,EX,NON,4.90,4.94,3.05,61.90,59.00,LD19102409,7332881469,48394,-87.0,2945.25,印度,7332881469,无奶,EC0,无咖,1,www.laxmidiamond.com,1,GIA,,0.0,LDGHGKL2KH,3500.0,"Jun 28, 2020 10:37:01 PM",0,,www.laxmidiamond.com文档在线导入,0,https://certifiedstone.info/certificate/LD19102409.pdf,https://certifiedstone.info/diamondimages/LD19102409/LD19102409_1.jpg,0,1,N,0,BT0,BC0,WT0,WC0,4.94,0,0,0.0,2945.25,1,0,0,0,0,ROUND,INDIA,True,0,False,0,,,,,https://certifiedstone.info/viewer/vision360.html?d=LD19102409,,,,
4350851774,圆形,0.45,D,VVS1,EX,EX,EX,NON,4.89,4.85,3.09,63.3,56,100730861789,1343890178,62919,-87.0,2945.25,香港,1343890178,无奶,-,无咖,1,diamonds.kirangems.com,1,GIA,,0.0,GKKUVKDIGUDH,3500.0,"Jun 28, 2020 10:23:21 PM",0,,kirangems接口导入,0,https://photo.diamondasset.in:8080/Picture/1343890178.pdf,,0,1,N,0,BT0,BC0,-,-,4.89,0,0,0.0,2945.25,1,0,0,0,0,ROUND,HK,True,0,False,0,,,,MED to STK,,,,,
4350941906,圆形,0.45,D,VVS1,EX,EX,EX,NON,4.86,4.89,3.07,63.00,55.00,LD19109260,7343036046,48394,-87.0,2945.25,印度,7343036046,无奶,EC0,无咖,1,www.laxmidiamond.com,1,GIA,,0.0,LDGHGKHLIK,3500.0,"Jun 28, 2020 10:37:21 PM",0,,www.laxmidiamond.com文档在线导入,0,https://certifiedstone.info/certificate/LD19109260.pdf,https://certifiedstone.info/diamondimages/LD19109260/LD19109260_1.jpg,0,1,N,0,BT0,BC0,WT0,WC0,4.89,0,0,0.0,2945.25,1,0,0,0,0,ROUND,INDIA,True,0,False,0,,,,,https://certifiedstone.info/viewer/vision360.html?d=LD19109260,,,,
4350946017,圆形,0.45,D,VVS1,EX,EX,EX,NON,4.84,4.89,3.08,63.40,56.00,LD20015183,2346663294,48394,-87.0,2945.25,印度,2346663294,无奶,EC0,无咖,1,www.laxmidiamond.com,1,GIA,,0.0,LDLKKGZGDV,3500.0,"Jun 28, 2020 10:39:27 PM",0,,www.laxmidiamond.com文档在线导入,0,https://certifiedstone.info/certificate/LD20015183.pdf,https://certifiedstone.info/diamondimages/LD20015183/LD20015183_1.jpg,0,1,N,0,BT0,BC0,WT0,WC0,4.89,0,0,0.0,2945.25,1,0,0,0,0,ROUND,INDIA,True,0,False,0,,,,,https://certifiedstone.info/viewer/vision360.html?d=LD20015183,,,,
4344091065,圆形,0.46,D,VVS1,EX,EX,EX,NON,4.92X4.88X3.09,,,63.00,57.00,ZB1535,7321531687,78738,-83.0,2946.3,印度,7321531687,无奶,-,无咖,1,www.zuansoft.com,1,GIA,,0.0,ZBGZVZ,3500.0,"Jun 27, 2020 2:04:13 PM",0,,78738 0627.xlsx,0,,,0,1,N,0,-,-,-,-,4.92,0,0,0.0,2946.3,1,0,0,0,0,ROUND,INDIA,True,0,False,0,,,,,,,,,
4350795837,圆形,0.45,E,IF,EX,EX,EX,NON,4.93 X 3.03 X 4.90,,,61.80,59.00,432149,6341852919,66658,-82.0,2948.4,香港,6341852919,无奶,EC0,无咖,1,stock.pansuriyaimpex.com,1,GIA,,0.0,2VLG2H,3600.0,"Jun 28, 2020 10:12:46 PM",0,,stock.pansuriyaimpex.com接口xml导入,0,https://www.pansuriyaimpex.com/DiamondCerti/6341852919.pdf,http://www.diamondinfo.in/ViewImage.aspx?id=432149,0,1,N,0,B0,-,W0,-,4.93 ,0,0,0.0,2948.4,1,0,0,0,0,ROUND,HK,True,0,False,0,,,,,,,,,
4344178180,圆形,0.45,E,VVS1,EX,EX,EX,NON,4.88X4.90X3.05,,,62.3,57.0,8860730068,6352248418,63050,-87.42,2951.865,印度,6352248418,无奶,-,无咖,1,www.zuansoft.com,1,GIA,,0.0,DDIKUVKKID,3500.0,"Jun 27, 2020 2:11:41 PM",0,,63050 0623.xlsx,0,https://media.hdfiles.in:8520/cert.aspx?StoneId=8860730068,https://media.hdfiles.in:8520/HD4/imaged/8860730068/still.jpg,0,1,B,0,BT1,BC0,-,-,4.90,0,0,0.0,2951.865,1,0,0,0,0,ROUND,INDIA,True,0,False,0,,,,,IMG,,,,
4350873453,圆形,0.46,E,VVS1,EX,EX,EX,NON,4.92,4.89,3.10,63.2,57,100731403751,6342876798,62919,-94.5,2952.51,香港,6342876798,无奶,-,无咖,1,diamonds.kirangems.com,1,GIA,,0.0,GKKUVG2KVUZG,3300.0,"Jun 28, 2020 10:24:50 PM",0,,kirangems接口导入,0,https://photo.diamondasset.in:8080/Picture/6342876798.pdf,,0,1,N,0,BT0,BC0,-,-,4.92,0,0,0.0,2952.51,1,0,0,0,0,ROUND,HK,True,0,False,0,,,,MED to STK,,,,,
4350519383,圆形,0.46,E,VVS2,EX,EX,EX,NON,5.03X5.04X3.02,,,59.90,59.00,F194-6A,2358250324,97085,-114.0,2953.2000000000003,孟买,2358250324,无奶,EC0,无咖,1,ratnakala.dotnodecoders.com,1,GIA,,0.0,FGH2-IA,3000.0,"Jun 28, 2020 9:10:57 PM",0,,dotnodecoders接口导入,0,,,0,1,N,0,BT0,BC0,-,-,5.04,0,0,0.0,2953.2000000000003,1,0,0,0,0,ROUND,MUMBAI,True,0,False,0,,,,,https://v360.in/Excellent/vision360.html?d=F194-6A,,,,
4350873729,圆形,0.46,E,VVS1,EX,EX,EX,NON,4.94,4.90,3.07,62.5,56,100734974407,6342703379,62919,-95.0,2960.1,香港,6342703379,无奶,-,无咖,1,diamonds.kirangems.com,1,GIA,,0.0,GKKUV2HU22KU,3300.0,"Jun 28, 2020 10:24:54 PM",0,,kirangems接口导入,0,https://photo.diamondasset.in:8080/Picture/6342703379.pdf,,0,1,N,0,BT0,BC0,-,-,4.94,0,0,0.0,2960.1,1,0,0,0,0,ROUND,HK,True,0,False,0,,,,STK,,,,,
4350902791,圆形,0.45,D,VVS1,EX,EX,EX,NON,4.94X4.98X3,,,60.4,58,SD-826AK,6352023130,79892,-87.98,2960.685,印度,6352023130,无奶,-,无咖,1,http://shreediamonds.com,1,GIA,,0.0,SD-DLIAK,3500.0,"Jun 28, 2020 10:30:46 PM",0,,shreediamonds接口导入,0,,,0,1,N,0,B0,-,-,-,4.98,0,0,0.0,2960.685,1,0,0,0,0,ROUND,INDIA,True,0,False,0,,,,,,,,,
4350841867,圆形,0.45,D,VVS1,EX,EX,EX,NON,4.91,4.88,2.98,60.9,60,100734052862,6355112209,62919,-88.0,2961.0,香港,6355112209,无奶,-,无咖,1,diamonds.kirangems.com,1,GIA,,0.0,GKKUV2KZLDIL,3500.0,"Jun 28, 2020 10:21:11 PM",0,,kirangems接口导入,0,https://photo.diamondasset.in:8080/Picture/6355112209.pdf,,0,1,N,0,BT0,BC0,-,-,4.91,0,0,0.0,2961.0,1,0,0,0,0,ROUND,HK,True,0,False,0,,,,STK,,,,,
4350946316,圆形,0.45,D,VVS1,EX,EX,EX,NON,4.90,4.93,3.06,62.30,59.00,LD20016246,2347696138,48394,-88.0,2961.0,印度,2347696138,无奶,EC0,无咖,1,www.laxmidiamond.com,1,GIA,,0.0,LDLKKGIL2I,3500.0,"Jun 28, 2020 10:39:33 PM",0,,www.laxmidiamond.com文档在线导入,0,https://certifiedstone.info/certificate/LD20016246.pdf,https://certifiedstone.info/diamondimages/LD20016246/LD20016246_1.jpg,0,1,N,0,BT0,BC0,WT0,WC0,4.93,0,0,0.0,2961.0,1,0,0,0,0,ROUND,INDIA,True,0,False,0,,,,,https://certifiedstone.info/viewer/vision360.html?d=LD20016246,,,,
4350948118,圆形,0.45,D,VVS1,EX,EX,EX,NON,4.89,4.90,3.06,62.50,56.00,LD20020883,2347874894,48394,-88.0,2961.0,印度,2347874894,无奶,EC0,无咖,1,www.laxmidiamond.com,1,GIA,,0.0,LDLKKLKDDV,3500.0,"Jun 28, 2020 10:40:22 PM",0,,www.laxmidiamond.com文档在线导入,0,https://certifiedstone.info/certificate/LD20020883.pdf,https://certifiedstone.info/diamondimages/LD20020883/LD20020883_1.jpg,0,1,N,0,BT0,BC0,WT0,WC0,4.90,0,0,0.0,2961.0,1,0,0,0,0,ROUND,INDIA,True,0,False,0,,,,,https://certifiedstone.info/viewer/vision360.html?d=LD20020883,,,,
4350947879,圆形,0.45,D,VVS1,EX,EX,EX,NON,4.90,4.94,3.03,61.60,60.00,LD20021423,5346880612,48394,-88.0,2961.0,印度,5346880612,无奶,EC0,无咖,1,www.laxmidiamond.com,1,GIA,,0.0,LDLKKLG2LV,3500.0,"Jun 28, 2020 10:40:15 PM",0,,www.laxmidiamond.com文档在线导入,0,https://certifiedstone.info/certificate/LD20021423.pdf,https://certifiedstone.info/diamondimages/LD20021423/LD20021423_1.jpg,0,1,N,0,BT0,BC0,WT0,WC0,4.94,0,0,0.0,2961.0,1,0,0,0,0,ROUND,INDIA,True,0,False,0,,,,,https://certifiedstone.info/viewer/vision360.html?d=LD20021423,,,,
4350837305,圆形,0.45,D,VVS1,EX,EX,EX,NON,4.92,4.90,3.06,62.4,56,100734869423,2346720690,62919,-88.0,2961.0,香港,2346720690,无奶,-,无咖,1,diamonds.kirangems.com,1,GIA,,0.0,GKKUV2DIH2LV,3500.0,"Jun 28, 2020 10:19:55 PM",0,,kirangems接口导入,0,https://photo.diamondasset.in:8080/Picture/2346720690.pdf,,0,1,N,0,BT0,BC0,-,-,4.92,0,0,0.0,2961.0,1,0,0,0,0,ROUND,HK,True,0,False,0,,,,MED to STK,,,,,
4349940065,圆形,0.45,D,VVS1,EX,EX,EX,NON,4.9,4.93,3.06,62.2,58.0,BG3476,5356192032,71657,-88.0,2961.0,香港,5356192032,无奶,-,无咖,1,www.zuansoft.com,1,GIA,,0.0,BGV2UI,3500.0,"Jun 28, 2020 6:12:42 PM",0,N,71657 0628.xlsx,0,https://www.sunrisediamonds.com.hk/certi/5356192032.pdf,,0,1,N,1,-,-,-,-,4.93,0,0,0.0,2961.0,1,0,0,0,0,ROUND,HK,True,0,False,0,,,,,,,,,
4350942710,圆形,0.45,D,VVS1,EX,EX,EX,NON,4.87,4.91,3.08,62.90,57.00,LD19121456,6345296499,48394,-88.0,2961.0,印度,6345296499,无奶,EC0,无咖,1,www.laxmidiamond.com,1,GIA,,0.0,LDGHGLG2ZI,3500.0,"Jun 28, 2020 10:37:39 PM",0,,www.laxmidiamond.com文档在线导入,0,https://certifiedstone.info/certificate/LD19121456.pdf,https://certifiedstone.info/diamondimages/LD19121456/LD19121456_1.jpg,0,1,N,0,BT0,BC0,WT0,WC0,4.91,0,0,0.0,2961.0,1,0,0,0,0,ROUND,INDIA,True,0,False,0,,,,,https://certifiedstone.info/viewer/vision360.html?d=LD19121456,,,,
4351001206,圆形,0.45,E,VVS1,EX,EX,EX,NON,4.88X4.92X3.07,,,62.6,58,0.40W364862,7343286922,50841,-88.18,2963.835,印度,7343286922,无奶,-,无咖,1,starrays.com,1,GIA,,1.8,K.2KWVI2DIL,3500.0,"Jun 28, 2020 10:53:15 PM",0,,starrays.com文档在线导入,0,https://dnadiamond.net/DNA/FrmShowCert.aspx?refno=0.40W364862,,0,1,N,0,BT0,BC0,-,-,4.92,0,0,0.0,2963.835,1,0,0,0,0,ROUND,INDIA,True,0,False,0,,,,M-SL.TK,,,,,
4351001207,圆形,0.45,E,VVS1,EX,EX,EX,NON,4.89X4.93X3.05,,,62.1,58,0.40W364798,2347448205,50841,-88.18,2963.835,印度,2347448205,无奶,-,无咖,1,starrays.com,1,GIA,,1.8,K.2KWVI2UHD,3500.0,"Jun 28, 2020 10:53:15 PM",0,,starrays.com文档在线导入,0,https://dnadiamond.net/DNA/FrmShowCert.aspx?refno=0.40W364798,,0,1,N,0,BT0,BC0,-,-,4.93,0,0,0.0,2963.835,1,0,0,0,0,ROUND,INDIA,True,0,False,0,,,,M-SL.TK,,,,,
4351001209,圆形,0.45,E,VVS1,EX,EX,EX,NON,4.91X4.93X3.05,,,62,57,0.40W366308,1345309037,50841,-88.18,2963.835,印度,1345309037,无奶,-,无咖,1,starrays.com,1,GIA,,1.8,K.2KWVIIVKD,3500.0,"Jun 28, 2020 10:53:15 PM",0,,starrays.com文档在线导入,0,https://dnadiamond.net/DNA/FrmShowCert.aspx?refno=0.40W366308,,0,1,N,0,BT0,BC0,-,-,4.93,0,0,0.0,2963.835,1,0,0,0,0,ROUND,INDIA,True,0,False,0,,,,M-SL.TK,,,,,
4351001210,圆形,0.45,E,VVS1,EX,EX,EX,NON,4.87X4.9X3.07,,,62.8,56,0.40W367146,3355026769,50841,-88.18,2963.835,印度,3355026769,无奶,-,无咖,1,starrays.com,1,GIA,,1.8,K.2KWVIUG2I,3500.0,"Jun 28, 2020 10:53:15 PM",0,,starrays.com文档在线导入,0,https://dnadiamond.net/DNA/FrmShowCert.aspx?refno=0.40W367146,,0,1,N,0,BT0,BC0,-,-,4.9,0,0,0.0,2963.835,1,0,0,0,0,ROUND,INDIA,True,0,False,0,,,,SL.TK,,,,,
4351001211,圆形,0.45,E,VVS1,EX,EX,EX,NON,4.89X4.92X3.07,,,62.7,57,0.40W362615,3345088055,50841,-88.18,2963.835,印度,3345088055,无奶,-,无咖,1,starrays.com,1,GIA,,1.8,K.2KWVILIGZ,3500.0,"Jun 28, 2020 10:53:15 PM",0,,starrays.com文档在线导入,0,https://dnadiamond.net/DNA/FrmShowCert.aspx?refno=0.40W362615,,0,1,N,0,BT0,BC0,-,-,4.92,0,0,0.0,2963.835,1,0,0,0,0,ROUND,INDIA,True,0,False,0,,,,M-SL.TK,,,,,
4351001212,圆形,0.45,E,VVS1,EX,EX,EX,NON,4.92X4.95X3,,,60.9,59,0.40W802442,6352100654,50841,-88.18,2963.835,印度,6352100654,无奶,-,无咖,1,starrays.com,1,GIA,,1.8,K.2KWDKL22L,3500.0,"Jun 28, 2020 10:53:15 PM",0,,starrays.com文档在线导入,0,https://dnadiamond.net/DNA/FrmShowCert.aspx?refno=0.40W802442,,0,1,N,0,BT0,BC0,-,-,4.95,0,0,0.0,2963.835,1,0,0,0,0,ROUND,INDIA,True,0,False,0,,,,M-SL.TK,,,,,
4350494820,圆形,0.45,D,VVS1,EX,EX,EX,NON,4.92,4.89,3.04,62.00,58.00,620704257,7352015615,32952,-78.06,2964.699,印度,7352015615,无奶,EC0,无咖,1,websvr.jbbros.com,1,GIA,,2.0,ILKUK2LZU,3700.0,"Jun 28, 2020 9:07:57 PM",0,,websvr.jbbros.com接口导入,0,http://i.stonehdfile.com/StoneDetail/Certificate/GIA/620704257.jpg#Certi,,0,1,N,0,BT0,BC0,-,-,4.92,0,0,0.0,2964.699,1,0,0,0,0,ROUND,INDIA,True,0,False,0,,,,3.50,,,,,
4350593413,圆形,0.45,D,VVS2,EX,EX,EX,NON,5.04 X 5.01 X 3.00,,,59.60,61.00,SDA260079,6341454264,74753,-106.0,2966.4,印度,6341454264,无奶,EC0,无咖,1,sd.diamx.net,1,GIA,,1.0,SDALIKKUH,3200.0,"Jun 28, 2020 9:25:07 PM",0,,diamx接口导入,0,https://www.gia.edu/report-check?reportno=6341454264,,0,1,N,0,-,-,-,-,5.04 ,0,0,0.0,2966.4,1,0,0,0,0,ROUND,INDIA,True,0,False,0,,,1,,,,,,
4350844644,圆形,0.45,D,VVS1,EX,EX,EX,NON,4.88,4.84,3.08,63.4,56,100735002180,1358056382,62919,-88.5,2968.875,香港,1358056382,无奶,-,无咖,1,diamonds.kirangems.com,1,GIA,,0.0,GKKUVZKKLGDK,3500.0,"Jun 28, 2020 10:21:46 PM",0,,kirangems接口导入,0,https://photo.diamondasset.in:8080/Picture/1358056382.pdf,,0,1,N,0,BT0,BC0,-,-,4.88,0,0,0.0,2968.875,1,0,0,0,0,ROUND,HK,True,0,False,0,,,,MED to STK,,,,,
4350707647,圆形,0.49,E,VVS2,EX,EX,EX,NON,5.08X5.11X3.10,,,60.70,61.00,215C-39-A,2358079428,103828,-102.0,2969.4,香港,2358079428,无奶,-,无咖,1,webservice.pb.diamonds,1,GIA,,0.0,LGZC-VH-A,3000.0,"Jun 28, 2020 9:44:44 PM",0,,webservice.pb.diamonds接口导入,0,https://pckpb.blob.core.windows.net/dim/cert/2358079428.pdf,https://pckpb.blob.core.windows.net/dim/hd/imaged/215C-39-A/still.jpg,0,1,N,0,BT0,BC0,-,-,5.11,0,0,0.0,2969.4,1,0,0,0,0,ROUND,HK,True,0,False,0,,,,,https://pckpb.blob.core.windows.net/dim/hd/Vision360.html?d=215C-39-A,,,,
4350593044,圆形,0.45,E,VVS2,EX,EX,EX,NON,5.03 X 5.01 X 2.99,,,59.50,58.00,SDA258418,1345946664,74753,-120.0,2970.0,印度,1345946664,无奶,EC0,无咖,1,sd.diamx.net,1,GIA,,1.0,SDALZD2GD,3000.0,"Jun 28, 2020 9:25:02 PM",0,,diamx接口导入,0,https://www.gia.edu/report-check?reportno=1345946664,,0,1,N,0,-,-,-,-,5.03 ,0,0,0.0,2970.0,1,0,0,0,0,ROUND,INDIA,True,0,False,0,,,1,,,,,,
4350883199,圆形,0.45,E,VVS1,EX,EX,EX,NON,4.88,4.84,3.08,63.4,56,100731612126,1358342854,62919,-100.0,2970.0,印度,1358342854,无奶,-,无咖,1,diamonds.kirangems.com,1,GIA,,0.0,GKKUVGIGLGLI,3300.0,"Jun 28, 2020 10:27:03 PM",0,,kirangems接口导入,0,https://photo.diamondasset.in:8080/Picture/1358342854.pdf,https://photo.diamondasset.in:8080/imagesM/1358342854.jpg,0,1,N,0,BT0,BC0,-,-,4.88,0,0,0.0,2970.0,1,0,0,0,0,ROUND,INDIA,True,0,False,0,,,,MED to STK,https://photo.diamondasset.in/photo/appVideo.jsp?idv=1358342854,,,,
4350518424,圆形,0.46,D,VVS2,EX,EX,EX,NON,4.91X4.94X3.07,,,62.40,59.00,F181-286A,7351281735,97085,-102.0,2973.44,孟买,7351281735,无奶,EC0,无咖,1,ratnakala.dotnodecoders.com,1,GIA,,0.0,FGDG-LDIA,3200.0,"Jun 28, 2020 9:10:46 PM",0,,dotnodecoders接口导入,0,,,0,1,N,0,BT0,BC0,-,-,4.94,0,0,0.0,2973.44,1,0,0,0,0,ROUND,MUMBAI,True,0,False,0,,,,,https://v360.in/Excellent/vision360.html?d=F181-286A,,,,
4350849675,圆形,0.46,D,VVS1,EX,EX,EX,NON,4.93,4.89,3.10,63.0,55,100731368224,6342186891,62919,-85.0,2978.5,香港,6342186891,无奶,-,无咖,1,diamonds.kirangems.com,1,GIA,,0.0,GKKUVGVIDLL2,3500.0,"Jun 28, 2020 10:23:12 PM",0,,kirangems接口导入,0,,https://photo.diamondasset.in:8080/imagesM/6342186891.jpg,0,1,N,0,BT0,BC0,-,-,4.93,0,0,0.0,2978.5,1,0,0,0,0,ROUND,HK,True,0,False,0,,,,MED to STK,https://photo.diamondasset.in/photo/appVideo.jsp?idv=6342186891,,,,
4350887854,圆形,0.45,E,VVS1,EX,EX,EX,NON,4.96,4.93,2.97,60.0,60,100736067314,7353397337,62919,-101.0,2984.85,印度,7353397337,无奶,-,无咖,1,diamonds.kirangems.com,1,GIA,,0.0,GKKUVIKIUVG2,3300.0,"Jun 28, 2020 10:28:14 PM",0,,kirangems接口导入,0,https://photo.diamondasset.in:8080/Picture/7353397337.pdf,,0,1,N,0,BT0,BC0,WT1,-,4.96,0,0,0.0,2984.85,1,0,0,0,0,ROUND,INDIA,True,0,False,0,,,,MED to STK,,,,,
4350852545,圆形,0.46,E,VVS1,EX,EX,EX,NON,4.96,4.95,3.07,62.0,58,100734982334,1353188115,62919,-97.0,2990.46,香港,1353188115,无奶,-,无咖,1,diamonds.kirangems.com,1,GIA,,0.0,GKKUV2HDLVV2,3300.0,"Jun 28, 2020 10:23:35 PM",0,,kirangems接口导入,0,https://photo.diamondasset.in:8080/Picture/1353188115.pdf,,0,1,N,0,BT0,BC0,-,-,4.96,0,0,0.0,2990.46,1,0,0,0,0,ROUND,HK,True,0,False,0,,,,MED to STK,,,,,
4344074214,圆形,0.45,E,VVS2,EX,EX,EX,NON,5.02X5.00X2.96,,,59.0,60.0,5015827,6207686730,66444,-107.8,2992.32,印度,6207686730,无奶,-,无咖,1,www.zuansoft.com,1,GIA,,0.0,ZKGZDLU,3200.0,"Jun 27, 2020 2:02:48 PM",0,,66444 0627.xlsx,0,https://d6z2uq3gvx7kk.cloudfront.net/Images/6207686730.jpg,https://d6z2uq3gvx7kk.cloudfront.net/videos/5015827/still.jpg,0,1,N,0,BT0,BC0,-,WC1,5.02,0,0,0.0,2992.32,1,0,0,0,0,ROUND,INDIA,True,0,False,0,,,,,,,,,
4344178168,圆形,0.45,E,VVS1,EX,EX,EX,NON,4.88X4.90X3.07,,,62.6,57.0,1834590201,6352186275,63050,-90.02,2992.815,印度,6352186275,无奶,-,无咖,1,www.zuansoft.com,1,GIA,,0.0,GDV2ZHKLKG,3500.0,"Jun 27, 2020 2:11:41 PM",0,,63050 0623.xlsx,0,https://media.hdfiles.in:8520/cert.aspx?StoneId=1834590201,https://media.hdfiles.in:8520/HD4/imaged/1834590201/still.jpg,0,1,N,0,BT0,BC0,-,-,4.90,0,0,0.0,2992.815,1,0,0,0,0,ROUND,INDIA,True,0,False,0,,,,,IMG,,,,
4344178170,圆形,0.45,E,VVS1,EX,EX,EX,NON,4.85X4.88X3.05,,,62.7,57.0,6860760146,3355243078,63050,-90.02,2992.815,印度,3355243078,无奶,-,无咖,1,www.zuansoft.com,1,GIA,,0.0,IDIKUIKG2I,3500.0,"Jun 27, 2020 2:11:41 PM",0,,63050 0623.xlsx,0,https://media.hdfiles.in:8520/cert.aspx?StoneId=6860760146,https://media.hdfiles.in:8520/HD4/imaged/6860760146/still.jpg,0,1,N,0,BT0,BC0,-,-,4.88,0,0,0.0,2992.815,1,0,0,0,0,ROUND,INDIA,True,0,False,0,,,,,IMG,,,,
4350873328,圆形,0.47,E,VVS1,EX,EX,EX,NON,4.97,4.93,3.12,63.0,58,100735711104,5346681936,62919,-93.0,2993.43,香港,5346681936,无奶,-,无咖,1,diamonds.kirangems.com,1,GIA,,0.0,GKKUVZUGGGK2,3300.0,"Jun 28, 2020 10:24:47 PM",0,,kirangems接口导入,0,https://photo.diamondasset.in:8080/Picture/5346681936.pdf,,0,1,N,0,BT0,BC0,-,-,4.97,0,0,0.0,2993.43,1,0,0,0,0,ROUND,HK,True,0,False,0,,,,MED to STK,,,,,
4350516584,圆形,0.48,E,VVS1,EX,EX,EX,NON,4.99X5.02X3.12,,,62.30,58.00,F170-195A,2354250274,97085,-89.0,2993.7599999999998,孟买,2354250274,无奶,EC0,无咖,1,ratnakala.dotnodecoders.com,1,GIA,,0.0,FGUK-GHZA,3300.0,"Jun 28, 2020 9:10:29 PM",0,,dotnodecoders接口导入,0,,,0,1,N,0,BT0,BC0,-,-,5.02,0,0,0.0,2993.7599999999998,1,0,0,0,0,ROUND,MUMBAI,True,0,False,0,,,,,https://v360.in/Excellent/vision360.html?d=F170-195A,,,,
4351001215,圆形,0.46,E,VVS1,EX,EX,EX,NON,4.9X4.93X3.09,,,62.9,57,0.40W368619,5353263769,50841,-86.18,2997.498,印度,5353263769,无奶,-,无咖,1,starrays.com,1,GIA,,1.8,K.2KWVIDIGH,3500.0,"Jun 28, 2020 10:53:15 PM",0,,starrays.com文档在线导入,0,https://dnadiamond.net/DNA/FrmShowCert.aspx?refno=0.40W368619,,0,1,N,0,BT0,BC0,-,-,4.93,0,0,0.0,2997.498,1,0,0,0,0,ROUND,INDIA,True,0,False,0,,,,M-SL.TK,,,,,
4350886267,圆形,0.45,E,VVS1,EX,EX,EX,NON,4.91,4.88,3.06,62.4,55,100731423865,6351376349,62919,-102.0,2999.7000000000003,印度,6351376349,无奶,-,无咖,1,diamonds.kirangems.com,1,GIA,,0.0,GKKUVG2LVDIZ,3300.0,"Jun 28, 2020 10:27:44 PM",0,,kirangems接口导入,0,https://photo.diamondasset.in:8080/Picture/6351376349.pdf,https://photo.diamondasset.in:8080/imagesM/6351376349.jpg,0,1,N,0,BT0,BC0,-,-,4.91,0,0,0.0,2999.7000000000003,1,0,0,0,0,ROUND,INDIA,True,0,False,0,,,,MED to STK,https://photo.diamondasset.in/photo/appVideo.jsp?idv=6351376349,,,,
4350519053,圆形,0.46,D,VVS2,EX,EX,EX,NON,4.90X4.92X3.06,,,62.30,59.00,F190-144A,6355417678,97085,-104.0,3002.88,孟买,6355417678,无奶,EC0,无咖,1,ratnakala.dotnodecoders.com,1,GIA,,0.0,FGHK-G22A,3200.0,"Jun 28, 2020 9:10:53 PM",0,,dotnodecoders接口导入,0,,,0,1,N,0,BT0,BC0,-,-,4.92,0,0,0.0,3002.88,1,0,0,0,0,ROUND,MUMBAI,True,0,False,0,,,,,https://v360.in/Excellent/vision360.html?d=F190-144A,,,,
4350880814,圆形,0.46,D,VVS2,EX,EX,EX,NON,4.95,4.91,3.10,62.8,55,100735984457,6351246651,62919,-104.0,3002.88,印度,6351246651,无奶,-,无咖,1,diamonds.kirangems.com,1,GIA,,0.0,GKKUVZHD22ZU,3200.0,"Jun 28, 2020 10:26:26 PM",0,,kirangems接口导入,0,https://photo.diamondasset.in:8080/Picture/6351246651.pdf,https://photo.diamondasset.in:8080/imagesM/6351246651.jpg,0,1,N,0,BT0,BC0,-,-,4.95,0,0,0.0,3002.88,1,0,0,0,0,ROUND,INDIA,True,0,False,0,,,,MED to STK,https://photo.diamondasset.in/photo/appVideo.jsp?idv=6351246651,,,,
4351075086,圆形,0.46,D,VVS1,EX,EX,EX,NON,4.96,4.92,3.09,62.6,56.0,L294013401,1358225450,88933,-86.86,3008.4460000000004,印度,1358225450,无奶,EC0,无咖,1,service.cdinesh.in,1,GIA,,1.0,LLH2KGV2KG,3500.0,"Jun 28, 2020 11:15:47 PM",0,,service.cdinesh.in接口导入,0,https://www.pkstone.co.in/PK/CERTI/1358225450.jpg,,0,1,N,0,BT0,BC0,WT0,WC0,4.96,0,0,0.0,3008.4460000000004,1,0,0,0,0,ROUND,INDIA,True,0,False,0,,,,,,,,,
4344178211,圆形,0.47,E,VVS2,EX,EX,EX,NON,5.01X5.04X3.08,,,61.3,58.0,4834590364,7358243782,63050,-100.1,3009.504,印度,7358243782,无奶,-,无咖,1,www.zuansoft.com,1,GIA,,0.0,2DV2ZHKVI2,3200.0,"Jun 27, 2020 2:11:41 PM",0,,63050 0623.xlsx,0,https://media.hdfiles.in:8520/cert.aspx?StoneId=4834590364,https://media.hdfiles.in:8520/HD4/imaged/4834590364/still.jpg,0,1,B,0,BT0,BC1,-,-,5.04,0,0,0.0,3009.504,1,0,0,0,0,ROUND,INDIA,True,0,False,0,,,,,IMG,,,,
4350678700,圆形,0.45,E,IF,EX,EX,EX,NON,4.89X  4.86X  3.08,,,55,63.10,WLWO-03786,2347394854,32457,-85.8,3009.96,印度,2347394854,无奶,-,无咖,1,api.kgirdharlal.com,1,GIA,,0.0,WLWO-KVUDI,3600.0,"Jun 28, 2020 9:41:02 PM",0,,api.kgirdharlal.com  文档在线导入,0,,,0,1,N,0,-,-,-,-,4.89,0,0,0.0,3009.96,1,0,0,0,0,ROUND,INDIA,True,0,False,0,,,1,,,,,,
4350947542,圆形,0.46,D,VVS1,EX,EX,EX,NON,4.90,4.92,3.08,62.60,57.00,LD20020209,6341840633,48394,-87.0,3010.7000000000003,印度,6341840633,无奶,EC0,无咖,1,www.laxmidiamond.com,1,GIA,,0.0,LDLKKLKLKH,3500.0,"Jun 28, 2020 10:40:05 PM",0,,www.laxmidiamond.com文档在线导入,0,https://certifiedstone.info/certificate/LD20020209.pdf,https://certifiedstone.info/diamondimages/LD20020209/LD20020209_1.jpg,0,1,N,0,BT0,BC0,WT0,WC0,4.92,0,0,0.0,3010.7000000000003,1,0,0,0,0,ROUND,INDIA,True,0,False,0,,,,,https://certifiedstone.info/viewer/vision360.html?d=LD20020209,,,,
4350683043,圆形,0.45,E,VVS1,EX,EX,EX,NON,4.96 X 4.99 X 2.98,,,60.00,60.00,B7-52,2357097456,90109,-103.0,3014.55,香港,2357097456,无奶,EC0,无咖,1,shubhlaxmi.diamx.net,1,GIA,,0.0,BU-ZL,3300.0,"Jun 28, 2020 9:42:06 PM",0,,diamx接口导入,0,https://1641035733.rsc.cdn77.org/Certificates/2357097456.pdf,,0,1,N,0,-,-,-,-, 4.99 ,0,0,0.0,3014.55,1,0,0,0,0,ROUND,HK,True,0,False,0,,,1,,,,,,
4350682714,圆形,0.45,D,VVS1,EX,EX,EX,NON,4.91 X 4.92 X 3.04,,,61.90,58.00,PE-136,6342467571,90109,-91.8,3020.85,香港,6342467571,无奶,EC0,无咖,1,shubhlaxmi.diamx.net,1,GIA,,0.0,PE-GVI,3500.0,"Jun 28, 2020 9:42:01 PM",0,,diamx接口导入,0,https://1641035733.rsc.cdn77.org/Certificates/6342467571.pdf,,0,1,N,0,-,-,-,-, 4.92 ,0,0,0.0,3020.85,1,0,0,0,0,ROUND,HK,True,0,False,0,,,1,,,,,,
4350908457,圆形,0.46,D,VVS1,EX,EX,EX,NON,4.95,4.92,3.08,62.5,55,SRZT21,1358053719,68981,-87.8,3023.58,印度,1358053719,无奶,EC0,无咖,1,api.sunrays.diamonds,1,GIA,,1.9,SRZTLG,3500.0,"Jun 28, 2020 10:33:02 PM",0,N,sunrays接口导入,0,,,0,1,N,1,-,-,-,-,4.95,0,0,0.0,3023.58,1,0,0,0,0,ROUND,INDIA,True,0,False,0,,,,,,,,,
4350593546,圆形,0.45,D,VVS1,EX,EX,EX,NON,4.98 X 4.94 X 3.00,,,60.40,58.00,SDA260711,6352023130,74753,-92.0,3024.0,印度,6352023130,无奶,EC0,无咖,1,sd.diamx.net,1,GIA,,1.0,SDALIKUGG,3500.0,"Jun 28, 2020 9:25:09 PM",0,,diamx接口导入,0,https://www.gia.edu/report-check?reportno=6352023130,,0,1,N,0,-,-,-,-,4.98 ,0,0,0.0,3024.0,1,0,0,0,0,ROUND,INDIA,True,0,False,0,,,1,,,,,,
4348938579,圆形,0.48,E,VVS2,EX,EX,EX,NON,4.99X5.01X3.10,,,62.0,58.0,M010-3790,6345830443,81884,-110.0,3024.0,印度,6345830443,无奶,-,无咖,1,www.zuansoft.com,1,GIA,,0.0,MKGK-VUHK,3000.0,"Jun 28, 2020 1:57:23 PM",0,,81884 0628.xlsx,0,,,0,1,N,0,-,-,-,-,5.01,0,0,0.0,3024.0,1,0,0,0,0,ROUND,INDIA,True,0,False,0,,,,,,,,,
4350884970,圆形,0.45,D,VVS2,EX,EX,EX,NON,4.91,4.89,3.06,62.4,57,100725679605,5353086578,62919,-110.0,3024.0,印度,5353086578,无奶,-,无咖,1,diamonds.kirangems.com,1,GIA,,0.0,GKKULZIUHIKZ,3200.0,"Jun 28, 2020 10:27:24 PM",0,,kirangems接口导入,0,,https://photo.diamondasset.in:8080/imagesM/5353086578.jpg,0,1,N,0,BT0,BC0,-,-,4.91,0,0,0.0,3024.0,1,0,0,0,0,ROUND,INDIA,True,0,False,0,,,,STK,https://photo.diamondasset.in/photo/appVideo.jsp?idv=5353086578,,,,
4344074115,圆形,0.45,E,VVS1,EX,EX,EX,NON,4.93X4.89X3.03,,,61.8,59.0,5021192,5201720527,66444,-92.0,3024.0,印度,5201720527,无奶,-,无咖,1,www.zuansoft.com,1,GIA,,0.0,ZKLGGHL,3500.0,"Jun 27, 2020 2:02:48 PM",0,,66444 0627.xlsx,0,https://d6z2uq3gvx7kk.cloudfront.net/Images/5201720527.jpg,https://d6z2uq3gvx7kk.cloudfront.net/videos/5021192/still.jpg,0,1,N,0,BT0,BC0,WT0,WC0,4.93,0,0,0.0,3024.0,1,0,0,0,0,ROUND,INDIA,True,0,False,0,,,,,,,,,
4350875838,圆形,0.45,D,VVS1,EX,EX,EX,NON,4.92,4.89,2.99,61.1,59,100736972744,7353173358,62919,-92.0,3024.0,香港,7353173358,无奶,-,无咖,1,diamonds.kirangems.com,1,GIA,,0.0,GKKUVIHULU22,3500.0,"Jun 28, 2020 10:25:34 PM",0,,kirangems接口导入,0,https://photo.diamondasset.in:8080/Picture/7353173358.pdf,,0,1,N,0,BT0,BC0,-,-,4.92,0,0,0.0,3024.0,1,0,0,0,0,ROUND,HK,True,0,False,0,,,,MED to STK,,,,,
4350519099,圆形,0.46,D,VVS1,EX,EX,EX,NON,4.92X4.94X3.06,,,62.00,57.00,F190-226A,1357232808,97085,-88.0,3026.8,孟买,1357232808,无奶,EC0,无咖,1,ratnakala.dotnodecoders.com,1,GIA,,0.0,FGHK-LLIA,3500.0,"Jun 28, 2020 9:10:54 PM",0,,dotnodecoders接口导入,0,,,0,1,N,0,BT0,BC0,-,-,4.94,0,0,0.0,3026.8,1,0,0,0,0,ROUND,MUMBAI,True,0,False,0,,,,,https://v360.in/Excellent/vision360.html?d=F190-226A,,,,
4351001197,圆形,0.45,E,VVS1,EX,EX,EX,NON,4.95X4.99X3.04,,,61.1,59,0.40W5000900,6342912359,50841,-92.18,3026.835,印度,6342912359,无奶,-,无咖,1,starrays.com,1,GIA,,1.8,K.2KWZKKKHKK,3500.0,"Jun 28, 2020 10:53:14 PM",0,,starrays.com文档在线导入,0,https://dnadiamond.net/DNA/FrmShowCert.aspx?refno=0.40W5000900,,0,1,N,0,BT0,BC0,-,-,4.99,0,0,0.0,3026.835,1,0,0,0,0,ROUND,INDIA,True,0,False,0,,,,M-SL.TK,,,,,
4350161643,圆形,0.45,E,IF,EX,EX,EX,NON,4.89,4.86,3.07,62.9,57,KW-40,2344428040,73302,-87.0,3029.4,印度,2344428040,无奶,-,无咖,1,www.glowstaronline.com,1,GIA,,1.0,KW-2K,3600.0,"Jun 28, 2020 6:47:54 PM",0,,glowstaronline接口导入,0,,https://s3-ap-southeast-1.amazonaws.com/pics.glowstaronline.com/imaged/kw-40/still.jpg,0,1,N,0,BT0,BC0,-,-,4.89,0,0,0.0,3029.4,1,0,0,0,0,ROUND,INDIA,True,0,False,0,,,,MED to STK,,,,,
4351001208,圆形,0.46,E,VVS1,EX,EX,EX,NON,4.94X4.97X3.08,,,62,57,0.40W367488,2347634809,50841,-88.18,3029.6980000000003,印度,2347634809,无奶,-,无咖,1,starrays.com,1,GIA,,1.8,K.2KWVIU2DD,3500.0,"Jun 28, 2020 10:53:15 PM",0,,starrays.com文档在线导入,0,https://dnadiamond.net/DNA/FrmShowCert.aspx?refno=0.40W367488,,0,1,N,0,BT0,BC0,-,-,4.97,0,0,0.0,3029.6980000000003,1,0,0,0,0,ROUND,INDIA,True,0,False,0,,,,TN-M,,,,,
4351001213,圆形,0.46,E,VVS1,EX,EX,EX,NON,4.9X4.94X3.1,,,62.9,58,0.40W363762,5343207150,50841,-88.18,3029.6980000000003,印度,5343207150,无奶,-,无咖,1,starrays.com,1,GIA,,1.8,K.2KWVIVUIL,3500.0,"Jun 28, 2020 10:53:15 PM",0,,starrays.com文档在线导入,0,https://dnadiamond.net/DNA/FrmShowCert.aspx?refno=0.40W363762,,0,1,N,0,BT0,BC0,-,-,4.94,0,0,0.0,3029.6980000000003,1,0,0,0,0,ROUND,INDIA,True,0,False,0,,,,M-SL.TK,,,,,
4350943746,圆形,0.46,E,VVS2,EX,EX,EX,NON,5.02,5.04,3.01,59.80,60.00,LD19126106,1349438471,48394,-119.9,3034.6200000000003,印度,1349438471,无奶,EC0,无咖,1,www.laxmidiamond.com,1,GIA,,0.0,LDGHGLIGKI,3000.0,"Jun 28, 2020 10:38:04 PM",0,,www.laxmidiamond.com文档在线导入,0,https://certifiedstone.info/certificate/LD19126106.pdf,https://certifiedstone.info/diamondimages/LD19126106/LD19126106_1.jpg,0,1,N,0,BT0,BC0,WT0,WC0,5.04,0,0,0.0,3034.6200000000003,1,0,0,0,0,ROUND,INDIA,True,0,False,0,,,,,https://certifiedstone.info/viewer/vision360.html?d=LD19126106,,,,
4350944126,圆形,0.46,E,VVS2,EX,EX,EX,NON,5.01,5.04,3.00,59.70,60.00,LD19128374,7342508164,48394,-119.9,3034.6200000000003,印度,7342508164,无奶,EC0,无咖,1,www.laxmidiamond.com,1,GIA,,0.0,LDGHGLDVU2,3000.0,"Jun 28, 2020 10:38:11 PM",0,,www.laxmidiamond.com文档在线导入,0,https://certifiedstone.info/certificate/LD19128374.pdf,https://certifiedstone.info/diamondimages/LD19128374/LD19128374_1.jpg,0,1,N,0,BT0,BC0,WT0,WC0,5.04,0,0,0.0,3034.6200000000003,1,0,0,0,0,ROUND,INDIA,True,0,False,0,,,,,https://certifiedstone.info/viewer/vision360.html?d=LD19128374,,,,
4350494823,圆形,0.46,D,VVS1,EX,EX,EX,NON,4.95,4.93,3.06,61.90,58.00,220406168,2356165017,32952,-78.38,3036.0276000000003,印度,2356165017,无奶,EC0,无咖,1,websvr.jbbros.com,1,GIA,,2.0,LLK2KIGID,3700.0,"Jun 28, 2020 9:07:57 PM",0,,websvr.jbbros.com接口导入,0,http://i.stonehdfile.com/StoneDetail/Certificate/GIA/220406168.jpg#Certi,,0,1,N,0,BT0,BC0,-,-,4.95,0,0,0.0,3036.0276000000003,1,0,0,0,0,ROUND,INDIA,True,0,False,0,,,,4.00,,,,,
4350494825,圆形,0.46,D,VVS1,EX,EX,EX,NON,4.94,4.90,3.06,62.30,58.00,620100698,5346569591,32952,-78.38,3036.0276000000003,印度,5346569591,无奶,EC0,无咖,1,websvr.jbbros.com,1,GIA,,2.0,ILKGKKIHD,3700.0,"Jun 28, 2020 9:07:57 PM",0,,websvr.jbbros.com接口导入,0,http://i.stonehdfile.com/StoneDetail/Certificate/GIA/620100698.jpg#Certi,,0,1,N,0,BT0,BC0,-,-,4.94,0,0,0.0,3036.0276000000003,1,0,0,0,0,ROUND,INDIA,True,0,False,0,,,,4.00,,,,,
4350680409,圆形,0.45,D,VVS1,EX,EX,EX,NON,4.89X  4.86X  3.08,,,56,63.20,OSSN-02410,1355238295,32457,-93.0,3039.75,印度,1355238295,无奶,-,无咖,1,api.kgirdharlal.com,1,GIA,,0.0,OSSN-KL2GK,3500.0,"Jun 28, 2020 9:41:26 PM",0,,api.kgirdharlal.com  文档在线导入,0,,,0,1,N,0,-,-,-,-,4.89,0,0,0.0,3039.75,1,0,0,0,0,ROUND,INDIA,True,0,False,0,,,1,,,,,,
4350867508,圆形,0.46,D,VVS1,EX,EX,EX,NON,4.95,4.92,3.11,63.1,56,100731157792,1348497841,62919,-89.0,3042.9,香港,1348497841,无奶,-,无咖,1,diamonds.kirangems.com,1,GIA,,0.0,GKKUVGGZUUHL,3500.0,"Jun 28, 2020 10:24:19 PM",0,,kirangems接口导入,0,https://photo.diamondasset.in:8080/Picture/1348497841.pdf,,0,1,N,0,BT0,BC0,-,-,4.95,0,0,0.0,3042.9,1,0,0,0,0,ROUND,HK,True,0,False,0,,,,MED to STK,,,,,
4350877235,圆形,0.46,E,VVS1,EX,EX,EX,NON,4.92,4.89,3.10,63.3,56,100736023528,6352219830,62919,-100.5,3043.59,印度,6352219830,无奶,-,无咖,1,diamonds.kirangems.com,1,GIA,,0.0,GKKUVIKLVZLD,3300.0,"Jun 28, 2020 10:26:00 PM",0,,kirangems接口导入,0,https://photo.diamondasset.in:8080/Picture/6352219830.pdf,https://photo.diamondasset.in:8080/imagesM/6352219830.jpg,0,1,N,0,BT0,BC0,-,-,4.92,0,0,0.0,3043.59,1,0,0,0,0,ROUND,INDIA,True,0,False,0,,,,MED to STK,https://photo.diamondasset.in/photo/appVideo.jsp?idv=6352219830,,,,
4350586207,圆形,0.45,E,VVS1,EX,EX,EX,NON,4.96 X 4.99 X 2.98,,,60.00,60.00,SDA249803,2357097456,74753,-105.0,3044.25,香港,2357097456,无奶,EC0,无咖,1,sd.diamx.net,1,GIA,,1.0,SDAL2HDKV,3300.0,"Jun 28, 2020 9:23:28 PM",0,,diamx接口导入,0,https://www.gia.edu/report-check?reportno=2357097456,,0,1,N,0,-,-,-,-, 4.99 ,0,0,0.0,3044.25,1,0,0,0,0,ROUND,HK,True,0,False,0,,,1,,,,,,
4349940108,圆形,0.45,E,IF,EX,EX,EX,NON,4.88,4.91,3.02,61.6,62.0,CBK-342533,1357248827,71657,-88.0,3045.6,印度,1357248827,无奶,-,无咖,1,www.zuansoft.com,1,GIA,,0.0,CBK-V2LZVV,3600.0,"Jun 28, 2020 6:12:43 PM",0,N,71657 0628.xlsx,0,https://www.sunrisediamonds.com.hk/certi/1357248827.pdf,https://cdn2.brainwaves.co.in/img/1357248827/PR.jpg,0,1,N,1,-,-,-,-,4.91,0,0,0.0,3045.6,1,0,0,0,0,ROUND,INDIA,True,0,False,0,,,,,,,,,
4348352986,圆形,0.45,E,IF,EX,EX,EX,NON,4.91,4.88,3.02,61.6,62.0,CBK-342533,1357248827,12458,-88.04,3046.248,印度,1357248827,无奶,-,无咖,1,www.zuansoft.com,1,GIA,,1.5,CBK-V2LZVV,3600.0,"Jun 28, 2020 11:24:42 AM",0,N,12458 0628.xlsx,0,https://www.shairugems.net/certi/1357248827.pdf,,0,1,N,1,BT0,-,-,-,4.91,0,0,0.0,3046.248,1,0,0,0,0,ROUND,INDIA,True,0,False,0,,,,,,,,,
4344178178,圆形,0.45,E,VVS1,EX,EX,EX,NON,4.95X4.97X3.07,,,61.9,56.0,8834500228,2203960549,63050,-93.72,3051.09,印度,2203960549,无奶,-,无咖,1,www.zuansoft.com,1,GIA,,0.0,DDV2ZKKLLD,3500.0,"Jun 27, 2020 2:11:41 PM",0,,63050 0623.xlsx,0,https://media.hdfiles.in:8520/cert.aspx?StoneId=8834500228,https://media.hdfiles.in:8520/HD4/imaged/8834500228/still.jpg,0,1,N,0,BT0,BC0,-,-,4.97,0,0,0.0,3051.09,1,0,0,0,0,ROUND,INDIA,True,0,False,0,,,,,IMG,,,,
4350586529,圆形,0.45,D,VVS1,EX,EX,EX,NON,4.91 X 4.92 X 3.04,,,61.90,58.00,SDA250350,6342467571,74753,-93.8,3052.35,香港,6342467571,无奶,EC0,无咖,1,sd.diamx.net,1,GIA,,1.0,SDALZKVZK,3500.0,"Jun 28, 2020 9:23:32 PM",0,,diamx接口导入,0,https://www.gia.edu/report-check?reportno=6342467571,,0,1,N,0,-,-,-,-, 4.92 ,0,0,0.0,3052.35,1,0,0,0,0,ROUND,HK,True,0,False,0,,,1,,,,,,
4350619022,圆形,0.48,E,VVS2,EX,EX,EX,NON,4.99 X 5.01 X 3.10,,,62.00,58.00,SDA516279,6345830443,74753,-112.0,3052.7999999999997,印度,6345830443,无奶,EC0,无咖,1,sd.diamx.net,1,GIA,,1.0,SDAZGILUH,3000.0,"Jun 28, 2020 9:31:51 PM",0,,diamx接口导入,0,https://www.gia.edu/report-check?reportno=6345830443,,0,1,N,0,-,-,-,-, 5.01 ,0,0,0.0,3052.7999999999997,1,0,0,0,0,ROUND,INDIA,True,0,False,0,,,1,,,,,,
4348937117,圆形,0.46,D,VVS1,EX,EX,EX,NON,4.90X4.92X3.09,,,63.0,57.0,F69-103105,6352362128,81884,-90.0,3059.0,印度,6352362128,无奶,-,无咖,1,www.zuansoft.com,1,GIA,,0.0,FIH-GKVGKZ,3500.0,"Jun 28, 2020 1:57:21 PM",0,,81884 0628.xlsx,0,,,0,1,N,0,-,-,-,-,4.92,0,0,0.0,3059.0,1,0,0,0,0,ROUND,INDIA,True,0,False,0,,,,,,,,,
4350536979,圆形,0.45,D,VVS2,EX,EX,EX,NON,5.03X5.04X2.96,,,58.00,59.00,195594,6342553055,893891,-112.6,3061.44,印度,6342553055,无奶,-,无咖,1,angelstar.hk,1,GIA,,0.0,GHZZH2,3200.0,"Jun 28, 2020 9:14:27 PM",0,,angelstar.hk接口xml导入,0,,https://videop.co.in/imaged/R-116G-2601/R-116G-2601.jpg,0,1,N,0,B0,-,-,-,5.04,0,0,0.0,3061.44,1,0,0,0,0,ROUND,INDIA,True,0,False,0,,,,,,,,,
4350159209,圆形,0.45,E,IF,EX,EX,EX,NON,4.89,4.85,3.06,62.9,58,AKJ-140,6342996860,73302,-89.0,3061.8,印度,6342996860,无奶,-,无咖,1,www.glowstaronline.com,1,GIA,,1.0,AKJ-G2K,3600.0,"Jun 28, 2020 6:47:31 PM",0,,glowstaronline接口导入,0,,https://s3-ap-southeast-1.amazonaws.com/pics.glowstaronline.com/imaged/akj-140/still.jpg,0,1,N,0,BT0,BC0,-,-,4.89,0,0,0.0,3061.8,1,0,0,0,0,ROUND,INDIA,True,0,False,0,,,,MED to STK,,,,,
4351001198,圆形,0.46,E,VVS1,EX,EX,EX,NON,4.9X4.95X3.04,,,61.7,58,0.40W366335,7346384220,50841,-90.18,3061.898,印度,7346384220,无奶,-,无咖,1,starrays.com,1,GIA,,1.8,K.2KWVIIVVZ,3500.0,"Jun 28, 2020 10:53:14 PM",0,,starrays.com文档在线导入,0,https://dnadiamond.net/DNA/FrmShowCert.aspx?refno=0.40W366335,,0,1,N,0,BT0,BC0,-,-,4.95,0,0,0.0,3061.898,1,0,0,0,0,ROUND,INDIA,True,0,False,0,,,,M-SL.TK,,,,,
4351001199,圆形,0.46,E,VVS1,EX,EX,EX,NON,4.94X4.97X3.05,,,61.5,59,0.40W368112,2346546050,50841,-90.18,3061.898,印度,2346546050,无奶,-,无咖,1,starrays.com,1,GIA,,1.8,K.2KWVIDGGL,3500.0,"Jun 28, 2020 10:53:14 PM",0,,starrays.com文档在线导入,0,https://dnadiamond.net/DNA/FrmShowCert.aspx?refno=0.40W368112,,0,1,N,0,BT0,BC0,-,-,4.97,0,0,0.0,3061.898,1,0,0,0,0,ROUND,INDIA,True,0,False,0,,,,SL.TK,,,,,
4350508502,圆形,0.46,E,IF,EX,EX,EX,NON,4.89X4.92X3.08,,,62.80,58.00,F116-115A,1345919212,97085,-85.0,3063.6,孟买,1345919212,无奶,EC0,无咖,1,ratnakala.dotnodecoders.com,1,GIA,,0.0,FGGI-GGZA,3600.0,"Jun 28, 2020 9:09:32 PM",0,,dotnodecoders接口导入,0,,,0,1,N,0,BT0,BC0,-,-,4.92,0,0,0.0,3063.6,1,0,0,0,0,ROUND,MUMBAI,True,0,False,0,,,,,https://v360.in/Excellent/vision360.html?d=F116-115A,,,,
4351009457,圆形,0.48,E,VVS2,EX,EX,EX,NON,5.06X5.02X3.13,,,62.10,57.00,204447,5346960760,73506,-112.82,3064.608,印度,5346960760,N,EC0,无咖,1,www.starlightdiamonds.in,1,GIA,,2.0,LK222U,3000.0,"Jun 28, 2020 10:55:30 PM",0,,www.starlightdiamonds.in接口xml导入,0,,-,0,1,N,0,BT0,BC0,-,-,5.06,0,0,0.0,3064.608,1,0,0,0,0,ROUND,INDIA,True,0,False,0,,,,,-,,,,
4351001104,圆形,0.45,D,VVS1,EX,EX,EX,NON,4.85X4.88X3.07,,,63,56,0.40W367013,1345396804,50841,-84.14,3065.931,印度,1345396804,无奶,-,无咖,1,starrays.com,1,GIA,,1.8,K.2KWVIUKGV,3700.0,"Jun 28, 2020 10:53:13 PM",0,,starrays.com文档在线导入,0,https://dnadiamond.net/DNA/FrmShowCert.aspx?refno=0.40W367013,,0,1,N,0,BT0,BC0,-,-,4.88,0,0,0.0,3065.931,1,0,0,0,0,ROUND,INDIA,True,0,False,0,,,,M-SL.TK,,,,,
4351001105,圆形,0.45,D,VVS1,EX,EX,EX,NON,4.86X4.9X3.08,,,63,56,0.40W365881,1349198327,50841,-84.14,3065.931,印度,1349198327,无奶,-,无咖,1,starrays.com,1,GIA,,1.8,K.2KWVIZDDG,3700.0,"Jun 28, 2020 10:53:13 PM",0,,starrays.com文档在线导入,0,https://dnadiamond.net/DNA/FrmShowCert.aspx?refno=0.40W365881,,0,1,N,0,BT0,BC0,-,-,4.9,0,0,0.0,3065.931,1,0,0,0,0,ROUND,INDIA,True,0,False,0,,,,M-SL.TK,,,,,
4351001106,圆形,0.45,D,VVS1,EX,EX,EX,NON,4.88X4.9X3.08,,,63,57,0.40W366183,6345499326,50841,-84.14,3065.931,印度,6345499326,无奶,-,无咖,1,starrays.com,1,GIA,,1.8,K.2KWVIIGDV,3700.0,"Jun 28, 2020 10:53:13 PM",0,,starrays.com文档在线导入,0,https://dnadiamond.net/DNA/FrmShowCert.aspx?refno=0.40W366183,,0,1,N,0,BT0,BC0,-,-,4.9,0,0,0.0,3065.931,1,0,0,0,0,ROUND,INDIA,True,0,False,0,,,,M-SL.TK,,,,,
4351001237,圆形,0.47,E,VVS2,EX,EX,EX,NON,5.04X5.06X3.02,,,59.9,59,0.40W367917,7356049002,50841,-104.54,3076.2816,印度,7356049002,无奶,-,无咖,1,starrays.com,1,GIA,,1.8,K.2KWVIUHGU,3200.0,"Jun 28, 2020 10:53:16 PM",0,,starrays.com文档在线导入,0,https://dnadiamond.net/DNA/FrmShowCert.aspx?refno=0.40W367917,,0,1,N,0,BT0,BC0,-,-,5.06,0,0,0.0,3076.2816,1,0,0,0,0,ROUND,INDIA,True,0,False,0,,,,M-SL.TK,,,,,
4350512030,圆形,0.45,E,IF,EX,EX,EX,NON,4.87X4.90X3.04,,,62.30,57.00,F156-29A,6351133892,97085,-90.0,3078.0,孟买,6351133892,无奶,EC0,无咖,1,ratnakala.dotnodecoders.com,1,GIA,,0.0,FGZI-LHA,3600.0,"Jun 28, 2020 9:10:07 PM",0,,dotnodecoders接口导入,0,,,0,1,N,0,BT0,BC0,-,-,4.90,0,0,0.0,3078.0,1,0,0,0,0,ROUND,MUMBAI,True,0,False,0,,,,,https://v360.in/Excellent/vision360.html?d=F156-29A,,,,
4350902892,圆形,0.47,E,IF,EX,EX,EX,NON,4.94X4.98X3.09,,,62.4,57,SD-651AD,6342241751,79892,-81.98,3079.1015999999995,香港,6342241751,无奶,-,无咖,1,http://shreediamonds.com,1,GIA,,0.0,SD-IZGAD,3600.0,"Jun 28, 2020 10:30:47 PM",0,,shreediamonds接口导入,0,,,0,1,N,0,B0,-,-,-,4.98,0,0,0.0,3079.1015999999995,1,0,0,0,0,ROUND,HK,True,0,False,0,,,,,,,,,
4350682751,圆形,0.46,E,VVS1,EX,EX,EX,NON,4.94 X 4.96 X 3.06,,,61.90,58.00,PE-326,1345480103,90109,-103.0,3081.54,香港,1345480103,无奶,EC0,无咖,1,shubhlaxmi.diamx.net,1,GIA,,0.0,PE-VLI,3300.0,"Jun 28, 2020 9:42:01 PM",0,,diamx接口导入,0,https://1641035733.rsc.cdn77.org/Certificates/1345480103.pdf,,0,1,N,0,-,-,-,-, 4.96 ,0,0,0.0,3081.54,1,0,0,0,0,ROUND,HK,True,0,False,0,,,1,,,,,,
4350597601,圆形,0.45,D,VVS2,EX,EX,EX,NON,5.03 X 5.04 X 2.96,,,58.80,59.00,SDA277553,6342553055,74753,-114.0,3081.6,印度,6342553055,无奶,EC0,无咖,1,sd.diamx.net,1,GIA,,1.0,SDALUUZZV,3200.0,"Jun 28, 2020 9:26:02 PM",0,,diamx接口导入,0,https://www.gia.edu/report-check?reportno=6342553055,,0,1,N,0,-,-,-,-, 5.04 ,0,0,0.0,3081.6,1,0,0,0,0,ROUND,INDIA,True,0,False,0,,,1,,,,,,
4350494824,圆形,0.46,D,VVS1,EX,EX,EX,NON,4.96,4.93,3.06,61.90,58.00,520604683,1343995066,32952,-81.18,3083.6836,印度,1343995066,无奶,EC0,无咖,1,websvr.jbbros.com,1,GIA,,2.0,ZLKIK2IDV,3700.0,"Jun 28, 2020 9:07:57 PM",0,,websvr.jbbros.com接口导入,0,http://i.stonehdfile.com/StoneDetail/Certificate/GIA/520604683.jpg#Certi,,0,1,N,0,BT0,BC0,-,-,4.96,0,0,0.0,3083.6836,1,0,0,0,0,ROUND,INDIA,True,0,False,0,,,,3.50,,,,,
4350878274,圆形,0.46,E,VVS1,EX,EX,EX,NON,4.94,4.90,3.07,62.5,55,100731614624,1353231410,62919,-103.5,3089.13,印度,1353231410,无奶,-,无咖,1,diamonds.kirangems.com,1,GIA,,0.0,GKKUVGIG2IL2,3300.0,"Jun 28, 2020 10:26:15 PM",0,,kirangems接口导入,0,https://photo.diamondasset.in:8080/Picture/1353231410.pdf,https://photo.diamondasset.in:8080/imagesM/1353231410.jpg,0,1,N,0,BT0,BC0,-,-,4.94,0,0,0.0,3089.13,1,0,0,0,0,ROUND,INDIA,True,0,False,0,,,,MED to STK,https://photo.diamondasset.in/photo/appVideo.jsp?idv=1353231410,,,,
4350953123,圆形,0.46,D,VVS1,EX,EX,EX,NON,4.94,4.97,3.02,61.00,59.00,LD20034576,7356347359,48394,-92.0,3091.2000000000003,印度,7356347359,无奶,EC0,无咖,1,www.laxmidiamond.com,1,GIA,,0.0,LDLKKV2ZUI,3500.0,"Jun 28, 2020 10:43:00 PM",0,,www.laxmidiamond.com文档在线导入,0,https://certifiedstone.info/certificate/LD20034576.pdf,https://certifiedstone.info/diamondimages/LD20034576/LD20034576_1.jpg,0,1,N,0,BT0,BC0,WT0,WC0,4.97,0,0,0.0,3091.2000000000003,1,0,0,0,0,ROUND,INDIA,True,0,False,0,,,,,https://certifiedstone.info/viewer/vision360.html?d=LD20034576,,,,
4350619338,圆形,0.46,D,VVS1,EX,EX,EX,NON,4.90 X 4.92 X 3.09,,,63.00,57.00,SDA516646,6352362128,74753,-92.0,3091.2000000000003,印度,6352362128,无奶,EC0,无咖,1,sd.diamx.net,1,GIA,,1.0,SDAZGII2I,3500.0,"Jun 28, 2020 9:31:55 PM",0,,diamx接口导入,0,https://www.gia.edu/report-check?reportno=6352362128,,0,1,N,0,-,-,-,-, 4.92 ,0,0,0.0,3091.2000000000003,1,0,0,0,0,ROUND,INDIA,True,0,False,0,,,1,,,,,,
4350494826,圆形,0.47,D,VVS1,EX,EX,EX,NON,4.96,4.95,3.07,61.80,59.00,920403994,6342945976,32952,-77.84,3092.6375999999996,印度,6342945976,无奶,EC0,无咖,1,websvr.jbbros.com,1,GIA,,2.0,HLK2KVHH2,3700.0,"Jun 28, 2020 9:07:57 PM",0,,websvr.jbbros.com接口导入,0,http://i.stonehdfile.com/StoneDetail/Certificate/GIA/920403994.jpg#Certi,,0,1,N,0,BT0,BC0,-,-,4.96,0,0,0.0,3092.6375999999996,1,0,0,0,0,ROUND,INDIA,True,0,False,0,,,,4.00,,,,,
4350516637,圆形,0.45,E,IF,EX,EX,EX,NON,4.88X4.92X3.06,,,62.40,58.00,F170-289A,6352074107,97085,-91.0,3094.2000000000003,孟买,6352074107,无奶,EC0,无咖,1,ratnakala.dotnodecoders.com,1,GIA,,0.0,FGUK-LDHA,3600.0,"Jun 28, 2020 9:10:30 PM",0,,dotnodecoders接口导入,0,,,0,1,N,0,BT0,BC0,-,-,4.92,0,0,0.0,3094.2000000000003,1,0,0,0,0,ROUND,MUMBAI,True,0,False,0,,,,,https://v360.in/Excellent/vision360.html?d=F170-289A,,,,
4350679380,圆形,0.46,E,IF,EX,EX,EX,NON,5.04X  5.02X  2.99,,,61,59.40,OSSO-05916,2357110867,32457,-87.0,3096.7200000000003,印度,2357110867,无奶,-,无咖,1,api.kgirdharlal.com,1,GIA,,0.0,OSSO-KZHGI,3600.0,"Jun 28, 2020 9:41:14 PM",0,,api.kgirdharlal.com  文档在线导入,0,,,0,1,N,0,-,-,-,-,5.04,0,0,0.0,3096.7200000000003,1,0,0,0,0,ROUND,INDIA,True,0,False,0,,,1,,,,,,
4351001103,圆形,0.45,D,VVS1,EX,EX,EX,NON,4.88X4.89X3.07,,,62.9,56,0.40W364787,5316919222,50841,-86.04,3097.566,印度,5316919222,无奶,-,无咖,1,starrays.com,1,GIA,,1.8,K.2KWVI2UDU,3700.0,"Jun 28, 2020 10:53:13 PM",0,,starrays.com文档在线导入,0,https://dnadiamond.net/DNA/FrmShowCert.aspx?refno=0.40W364787,,0,1,N,0,BT0,BC0,-,-,4.89,0,0,0.0,3097.566,1,0,0,0,0,ROUND,INDIA,True,0,False,0,,,,M-SL.TK,,,,,
4350536980,圆形,0.46,D,VVS2,EX,EX,EX,NON,5.02X5.04X3.01,,,59.00,58.00,197844,6342795251,893891,-110.6,3100.032,印度,6342795251,无奶,-,无咖,1,angelstar.hk,1,GIA,,0.0,GHUD22,3200.0,"Jun 28, 2020 9:14:28 PM",0,,angelstar.hk接口xml导入,0,,https://videop.co.in/imaged/R-115F-3001/R-115F-3001.jpg,0,1,N,0,B2,-,-,-,5.04,0,0,0.0,3100.032,1,0,0,0,0,ROUND,INDIA,True,0,False,0,,,,,,,,,
4348938578,圆形,0.47,E,VVS2,EX,EX,EX,NON,5.03X5.04X3.04,,,60.3,61.0,F25-97294,3345736834,81884,-120.0,3102.0,印度,3345736834,无奶,-,无咖,1,www.zuansoft.com,1,GIA,,0.0,FLZ-HULH2,3000.0,"Jun 28, 2020 1:57:23 PM",0,,81884 0628.xlsx,0,,,0,1,N,0,-,-,-,-,5.04,0,0,0.0,3102.0,1,0,0,0,0,ROUND,INDIA,True,0,False,0,,,,,,,,,
4351001230,圆形,0.47,E,VVS2,EX,EX,EX,NON,5.06X5.09X3.06,,,60.4,58,0.40W803378,3355189529,50841,-106.42,3104.5568,印度,3355189529,无奶,-,无咖,1,starrays.com,1,GIA,,1.8,K.2KWDKVVUD,3200.0,"Jun 28, 2020 10:53:15 PM",0,,starrays.com文档在线导入,0,https://dnadiamond.net/DNA/FrmShowCert.aspx?refno=0.40W803378,,0,1,N,0,BT0,BC0,-,-,5.09,0,0,0.0,3104.5568,1,0,0,0,0,ROUND,INDIA,True,0,False,0,,,,TN-SL.TK,,,,,
4351001102,圆形,0.45,D,VVS1,EX,EX,EX,NON,4.88X4.91X3.06,,,62.5,57,0.40W367693,1349446348,50841,-86.58,3106.557,印度,1349446348,无奶,-,无咖,1,starrays.com,1,GIA,,1.8,K.2KWVIUIHV,3700.0,"Jun 28, 2020 10:53:13 PM",0,,starrays.com文档在线导入,0,https://dnadiamond.net/DNA/FrmShowCert.aspx?refno=0.40W367693,,0,1,N,0,BT0,BC0,-,-,4.91,0,0,0.0,3106.557,1,0,0,0,0,ROUND,INDIA,True,0,False,0,,,,M-SL.TK,,,,,
4350829632,圆形,0.46,D,VVS1,EX,EX,EX,NON,4.93,4.90,3.09,62.8,56,100730979648,3345903026,62919,-93.0,3107.3,香港,3345903026,无奶,-,无咖,1,diamonds.kirangems.com,1,GIA,,0.0,GKKUVKHUHI2D,3500.0,"Jun 28, 2020 10:18:58 PM",0,,kirangems接口导入,0,https://photo.diamondasset.in:8080/Picture/3345903026.pdf,,0,1,N,0,BT0,BC0,-,-,4.93,0,0,0.0,3107.3,1,0,0,0,0,ROUND,HK,True,0,False,0,,,,MED to STK,,,,,
4350585834,圆形,0.46,E,VVS1,EX,EX,EX,NON,4.94 X 4.96 X 3.06,,,61.90,58.00,SDA249138,1345480103,74753,-105.0,3111.9,香港,1345480103,无奶,EC0,无咖,1,sd.diamx.net,1,GIA,,1.0,SDAL2HGVD,3300.0,"Jun 28, 2020 9:23:24 PM",0,,diamx接口导入,0,https://www.gia.edu/report-check?reportno=1345480103,,0,1,N,0,-,-,-,-, 4.96 ,0,0,0.0,3111.9,1,0,0,0,0,ROUND,HK,True,0,False,0,,,1,,,,,,
4350531103,圆形,0.46,D,VVS2,EX,EX,EX,NON,4.98X5.01X2.98,,,59.6,61,1914803,6341062105,43093,-99.0,3112.36,孟买,6341062105,无奶,EC0,无咖,1,api.ankitgems.com,1,GIA,,5.0,GHG2DKV,3400.0,"Jun 28, 2020 9:13:13 PM",0,,api.ankitgems.com接口导入,0,https://diamond.ankitgems.com:4443/CERTIMG/6341062105.JPG,,0,1,N,0,BT0,-,-,-,5.01,0,0,0.0,3112.36,1,0,0,0,0,ROUND,MUMBAI,True,0,False,0,,,1,,,,,,
4350531087,圆形,0.45,E,VVS1,EX,EX,EX,NON,4.88X4.92X3.03,,,61.9,60,1757457,6341443459,43093,-98.0,3118.5,孟买,6341443459,无奶,EC0,无咖,1,api.ankitgems.com,1,GIA,,5.0,GUZU2ZU,3500.0,"Jun 28, 2020 9:13:13 PM",0,,api.ankitgems.com接口导入,0,https://diamond.ankitgems.com:4443/CERTIMG/6341443459.JPG,,0,1,N,0,BT0,-,-,-,4.92,0,0,0.0,3118.5,1,0,0,0,0,ROUND,MUMBAI,True,0,False,0,,,1,,,,,,
4350880815,圆形,0.45,D,VVS1,EX,EX,EX,NON,4.90,4.88,3.05,62.4,58,100735984706,1359253216,62919,-98.0,3118.5,印度,1359253216,无奶,-,无咖,1,diamonds.kirangems.com,1,GIA,,0.0,GKKUVZHD2UKI,3500.0,"Jun 28, 2020 10:26:26 PM",0,,kirangems接口导入,0,https://photo.diamondasset.in:8080/Picture/1359253216.pdf,https://photo.diamondasset.in:8080/imagesM/1359253216.jpg,0,1,N,0,BT0,BC0,-,-,4.90,0,0,0.0,3118.5,1,0,0,0,0,ROUND,INDIA,True,0,False,0,,,,MED to STK,https://photo.diamondasset.in/photo/appVideo.jsp?idv=1359253216,,,,
4344178183,圆形,0.46,E,VVS1,EX,EX,EX,NON,4.91X4.94X3.08,,,62.6,58.0,5843510115,5202815144,63050,-93.72,3118.892,印度,5202815144,无奶,-,无咖,1,www.zuansoft.com,1,GIA,,0.0,ZD2VZGKGGZ,3500.0,"Jun 27, 2020 2:11:41 PM",0,,63050 0623.xlsx,0,https://media.hdfiles.in:8520/cert.aspx?StoneId=5843510115,https://media.hdfiles.in:8520/HD4/imaged/5843510115/still.jpg,0,1,N,0,BT0,BC0,-,-,4.94,0,0,0.0,3118.892,1,0,0,0,0,ROUND,INDIA,True,0,False,0,,,,,IMG,,,,
4350954114,圆形,0.46,D,VVS2,EX,EX,EX,NON,5.02,5.04,2.99,59.40,60.00,LD20051303,5353415644,48394,-112.0,3120.6400000000003,印度,5353415644,无奶,EC0,无咖,1,www.laxmidiamond.com,1,GIA,,0.0,LDLKKZGVKV,3200.0,"Jun 28, 2020 10:43:35 PM",0,,www.laxmidiamond.com文档在线导入,0,https://certifiedstone.info/certificate/LD20051303.pdf,https://certifiedstone.info/diamondimages/LD20051303/LD20051303_1.jpg,0,1,N,0,BT0,BC0,WT0,WC0,5.04,0,0,0.0,3120.6400000000003,1,0,0,0,0,ROUND,INDIA,True,0,False,0,,,,,https://certifiedstone.info/viewer/vision360.html?d=LD20051303,,,,
4350597623,圆形,0.46,D,VVS2,EX,EX,EX,NON,5.02 X 5.04 X 3.01,,,59.80,58.00,SDA277592,6342795251,74753,-112.0,3120.6400000000003,印度,6342795251,无奶,EC0,无咖,1,sd.diamx.net,1,GIA,,1.0,SDALUUZHL,3200.0,"Jun 28, 2020 9:26:03 PM",0,,diamx接口导入,0,https://www.gia.edu/report-check?reportno=6342795251,,0,1,N,0,-,-,-,-, 5.04 ,0,0,0.0,3120.6400000000003,1,0,0,0,0,ROUND,INDIA,True,0,False,0,,,1,,,,,,
4350873836,圆形,0.46,E,IF,EX,EX,EX,NON,4.95,4.92,3.11,63.1,55,100734239742,2344334436,62919,-88.5,3121.56,香港,2344334436,无奶,-,无咖,1,diamonds.kirangems.com,1,GIA,,0.0,GKKUV2LVHU2L,3600.0,"Jun 28, 2020 10:24:56 PM",0,,kirangems接口导入,0,https://photo.diamondasset.in:8080/Picture/2344334436.pdf,,0,1,N,0,BT0,BC0,-,-,4.95,0,0,0.0,3121.56,1,0,0,0,0,ROUND,HK,True,0,False,0,,,,MED to STK,,,,,
4350852480,圆形,0.46,D,VVS1,EX,EX,EX,NON,4.91,4.87,3.10,63.3,57,100734911014,6342968803,62919,-94.0,3123.4,香港,6342968803,无奶,-,无咖,1,diamonds.kirangems.com,1,GIA,,0.0,GKKUV2HGGKG2,3500.0,"Jun 28, 2020 10:23:34 PM",0,,kirangems接口导入,0,https://photo.diamondasset.in:8080/Picture/6342968803.pdf,,0,1,N,0,BT0,BC0,-,-,4.91,0,0,0.0,3123.4,1,0,0,0,0,ROUND,HK,True,0,False,0,,,,MED to STK,,,,,
4348476667,圆形,0.45,E,IF,EX,EX,EX,NON,4.98,4.95,3.02,60.9,60.0,PPP1843,6341107654,74841,-93.0,3126.6,印度,6341107654,无奶,EC0,无咖,1,www.zuansoft.com,1,GIA,,0.0,PPPGD2V,3600.0,"Jun 28, 2020 12:00:24 PM",0,,74841 0628.xls,0,,,0,1,N,0,B0,-,W0,-,4.98,0,0,0.0,3126.6,1,0,0,0,0,ROUND,INDIA,True,0,False,0,,,,,,,,,
4344178179,圆形,0.45,E,VVS1,EX,EX,EX,NON,4.96X4.99X2.96,,,59.5,59.0,8843670278,6204862117,63050,-98.58,3127.635,印度,6204862117,无奶,-,无咖,1,www.zuansoft.com,1,GIA,,0.0,DD2VIUKLUD,3500.0,"Jun 27, 2020 2:11:41 PM",0,,63050 0623.xlsx,0,https://media.hdfiles.in:8520/cert.aspx?StoneId=8843670278,https://media.hdfiles.in:8520/HD4/imaged/8843670278/still.jpg,0,1,N,0,BT0,BC0,-,-,4.99,0,0,0.0,3127.635,1,0,0,0,0,ROUND,INDIA,True,0,False,0,,,,,IMG,,,,
